mensagem,sentimento
"A nova interface é um deleite, muito mais intuitiva e agradável.",Positivo
"O sistema de alerta de atrasos está falhando constantemente. Inaceitável!",Negativo
"Consegui atualizar meu perfil em segundos, a agilidade é impressionante.",Positivo
"Por que as informações de manutenção não são claras? Isso causa muita confusão.",Negativo
"A integração com o calendário funciona perfeitamente, ótima para agendar.",Positivo
"Meu aplicativo travou no meio do caminho, perdi as informações cruciais. Revoltante!",Negativo
"O suporte online respondeu em minutos, um atendimento de excelência.",Positivo
"A função de busca por número da linha não funciona. Péssimo!",Negativo
"Adorei a possibilidade de ver o histórico de viagens, muito útil para controle.",Positivo
"Os dados de lotação dos vagões estão sempre errados. Desanima qualquer um.",Negativo
"A navegação entre as estações é muito fluida, sem engasgos.",Positivo
"Não consigo logar na minha conta desde ontem. Que frustração!",Negativo
"A nova feature de favoritos me poupa muito tempo, sensacional!",Positivo
"Os mapas estão desatualizados, isso me fez pegar o caminho errado. Que raiva!",Negativo
"Parabéns pela estabilidade do sistema, nunca mais tive quedas.",Positivo
"O botão de ajuda é inútil, não encontrei nenhuma solução para meu problema.",Negativo
"A personalização de notificações é um plus, posso escolher o que quero ver.",Positivo
"O áudio dos avisos na estação está muito baixo. Não dá para entender nada.",Negativo
"A visualização dos incidentes em tempo real é fantástica, me ajudou a me planejar.",Positivo
"A burocracia para solicitar suporte é enorme, desisti no meio do caminho.",Negativo
"O modo noturno é excelente para a leitura, muito confortável para os olhos.",Positivo
"Achei um erro de português no painel principal. Faltou revisão?",Negativo
"A ferramenta de feedback é simples e eficiente, me sinto ouvido.",Positivo
"Os filtros de busca são muito limitados, não encontro o que preciso.",Negativo
"A nova forma de reportar problemas é super prática, agiliza o processo.",Positivo
"A bateria do meu celular drena muito rápido com esse app. Que desnecessário!",Negativo
"As estatísticas de uso são muito detalhadas, ótimas para gestão.",Positivo
"A funcionalidade de 'últimos alertas' não está atualizando. Bug chato!",Negativo
"Achei super bacana a integração com outros aplicativos de mobilidade.",Positivo
"O pop-up de propaganda é invasivo e aparece toda hora. Irritante!",Negativo
"O sistema de pagamento via app é rápido e seguro, muito confiável.",Positivo
"Não recebi o email de confirmação de cadastro. Algo está errado.",Negativo
"A interface de usuário é muito amigável, qualquer um consegue usar.",Positivo
"As fontes dos textos são pequenas demais, difícil de ler em trânsito.",Negativo
"A função de pré-visualização de rotas é perfeita, ajuda a planejar a viagem.",Positivo
"O sistema está me pedindo para redefinir a senha a cada login. Um porre!",Negativo
"O recurso de 'compartilhar status' é muito útil para informar amigos e família.",Positivo
"O histórico de notificações desapareceu. Onde foi parar?",Negativo
"A facilidade de acesso às informações da linha é impressionante, tudo à mão.",Positivo
"A central de ajuda é confusa e desorganizada, não consigo achar nada.",Negativo
"O reconhecimento de voz para busca funciona muito bem, agiliza o processo.",Positivo
"As cores do mapa são muito parecidas, difícil de diferenciar as linhas.",Negativo
"A atualização automática do status da estação é um salva-vidas.",Positivo
"Demora muito para carregar as imagens na galeria de fotos. Lento demais!",Negativo
"A possibilidade de salvar rotas personalizadas é genial, adorei!",Positivo
"O formulário de contato é longo e pede informações desnecessárias. Cansativo!",Negativo
"A qualidade da imagem nas câmeras de segurança é excelente, dá para ver tudo.",Positivo
"Os ícones não são intuitivos, tenho que clicar para descobrir a função.",Negativo
"A função de 'rotas alternativas' é precisa e me ajudou a desviar de atrasos.",Positivo
"O sistema de agendamento de manutenções está me dando erro. Não consigo agendar.",Negativo
"A barra de progresso do download é muito útil, sei quanto tempo falta.",Positivo
"O sistema está me forçando a aceitar cookies a cada visita. Chatice!",Negativo
"O design minimalista é muito agradável e funcional, parabéns!",Positivo
"A mensagem de erro é genérica, não me ajuda a resolver o problema.",Negativo
"A opção de 'modo de acessibilidade' é um toque de cuidado, muito bom.",Positivo
"O sistema travou e perdi todo o meu progresso. Inaceitável!",Negativo
"As dicas de uso são muito úteis, aprendi funcionalidades novas.",Positivo
"O limite de caracteres nos campos de texto é muito pequeno. Irritante!",Negativo
"A integração com o GPS do celular é perfeita, ajuda muito na navegação.",Positivo
"A notificação de 'linha interrompida' chegou atrasada. Já estava no trem!",Negativo
"A limpeza da estação está impecável, um ambiente muito agradável.",Positivo
"O banheiro da estação está sujo e fedorento. Que nojo!",Negativo
"A pontualidade dos trens é algo a ser elogiado, sempre no horário.",Positivo
"Cheguei atrasado por causa do atraso do trem. Incompetência!",Negativo
"A segurança nas plataformas foi reforçada, me sinto mais seguro.",Positivo
"A estação está lotada e não tem fiscalização. Um perigo!",Negativo
"O sistema de câmeras de segurança funciona muito bem, me sinto protegido.",Positivo
"A escada rolante da estação está quebrada há dias. Falta de manutenção!",Negativo
"As informações nos painéis digitais são claras e atualizadas, muito bom.",Positivo
"O ar condicionado do trem não funciona. Quente demais!",Negativo
"A acessibilidade para cadeirantes é muito boa, parabéns pela inclusão.",Positivo
"A rampa de acesso está escorregadia e perigosa. Riscos desnecessários!",Negativo
"O atendimento ao cliente da concessionária é excelente, resolveram meu problema rápido.",Positivo
"Fui mal atendido na bilheteria, a funcionária foi grossa. Que descaso!",Negativo
"A sinalização das linhas está clara e visível, fácil de entender.",Positivo
"Os avisos sonoros estão inaudíveis, não consigo entender as informações.",Negativo
"A iluminação da estação é ótima, me sinto seguro mesmo à noite.",Positivo
"Há lâmpadas queimadas na plataforma, escuro e perigoso.",Negativo
"O wi-fi da estação funciona perfeitamente, ótima conexão.",Positivo
"O wi-fi da estação não conecta. Inútil!",Negativo
"A área de espera é confortável e limpa, um bom lugar para aguardar.",Positivo
"Os assentos da estação estão quebrados. Falta de cuidado!",Negativo
"O processo de compra de passagens online é muito fácil.",Positivo
"O site de compra de passagens está fora do ar. Que azar!",Negativo
"A função de 'perdi e achei' é bem organizada, consegui recuperar meu objeto.",Positivo
"Meu objeto perdido não foi encontrado. Que sistema ineficiente!",Negativo
"O sistema de transporte público é eficiente e me atende bem.",Positivo
"Esse transporte público é um pesadelo, atrasos constantes e lotação.",Negativo
"A nova estação é moderna e bem estruturada, um avanço.",Positivo
"A estação nova já está com problemas de infiltração. Que construção é essa?!",Negativo
"O aplicativo me ajudou a planejar minha viagem de forma eficaz.",Positivo
"O aplicativo me deu a rota errada, perdi muito tempo. Que raiva!",Negativo
"O mapa interativo das linhas é excelente para visualizar o percurso.",Positivo
"O mapa não carrega no meu celular. Incompatibilidade é chato!",Negativo
"As informações sobre tarifas estão claras e transparentes.",Positivo
"Descobri taxas escondidas na passagem. Que enganação!",Negativo
"A equipe de limpeza da estação é muito eficiente, sempre tudo limpo.",Positivo
"A estação está sempre suja, parece que não tem equipe de limpeza.",Negativo
"O banheiro da estação é surpreendentemente limpo, parabéns!",Positivo
"O banheiro da estação está interditado por falta de limpeza. Inadmissível!",Negativo
"A rampa de acesso para pessoas com deficiência é bem projetada.",Positivo
"A rampa de acesso está em obras há meses. Que demora!",Negativo
"O sistema de refrigeração do trem está funcionando perfeitamente.",Positivo
"O trem está um forno, o ar condicionado não funciona.",Negativo
"A sinalização de emergência é clara e visível, me sinto seguro.",Positivo
"Não encontrei a saída de emergência, a sinalização é péssima.",Negativo
"O sistema de aviso de porta aberta funciona bem, evita acidentes.",Positivo
"A porta do trem não fechou direito. Que perigo!",Negativo
"A qualidade do ar dentro da estação é boa, bem ventilado.",Positivo
"O cheiro dentro da estação é insuportável, falta ventilação.",Negativo
"O painel de informações sobre o próximo trem é preciso.",Positivo
"O painel de informações mostra o trem errado. Que confusão!",Negativo
"A plataforma é espaçosa e organizada, fácil de se locomover.",Positivo
"A plataforma é muito estreita e lotada, difícil de andar.",Negativo
"O sistema de bilhetagem eletrônica é rápido e prático.",Positivo
"O leitor de cartão está com defeito, não consigo passar. Que transtorno!",Negativo
"A qualidade da pintura dos vagões é muito boa, bem cuidado.",Positivo
"Os vagões estão pichados e com marcas de vandalismo. Que tristeza!",Negativo
"O sistema de monitoramento de segurança é abrangente, cobre toda a área.",Positivo
"As câmeras de segurança não funcionam em todas as áreas. Preocupante!",Negativo
"A equipe de segurança é atenciosa e prestativa, me ajudaram.",Positivo
"Os seguranças da estação são mal-educados e ignoram os passageiros.",Negativo
"A escada de acesso à plataforma é segura e bem mantida.",Positivo
"A escada está com degraus quebrados. Falta de segurança!",Negativo
"A iluminação dos corredores da estação é excelente.",Positivo
"Os corredores da estação estão escuros e mal iluminados.",Negativo
"A nova cafeteria na estação é ótima, bom lugar para um café.",Positivo
"Os preços da cafeteria na estação são abusivos. Que roubo!",Negativo
"O sistema de som da estação é claro e sem ruídos.",Positivo
"O som da estação está muito alto e distorcido. Irritante!",Negativo
"A disposição das lixeiras é adequada, ajuda a manter a limpeza.",Positivo
"Não há lixeiras suficientes na estação, o lixo se acumula.",Negativo
"A informação sobre o tempo de espera do trem é exata.",Positivo
"O tempo de espera do trem é incerto, os painéis não atualizam.",Negativo
"O sistema de cancelamento de passagens é simples e rápido.",Positivo
"Tive problemas para cancelar minha passagem, o sistema travou.",Negativo
"A área de recarga de celular na estação é muito útil.",Positivo
"As tomadas da estação não funcionam. Que frustração!",Negativo
"O layout do site é intuitivo, encontrei tudo facilmente.",Positivo
"O site é um emaranhado de informações, difícil de navegar.",Negativo
"A integração com aplicativos de terceiros funciona sem falhas.",Positivo
"Minha integração com o app de clima falhou. Decepcionante!",Negativo
"A visualização dos horários de pico é muito útil para evitar aglomerações.",Positivo
"As informações sobre horários de pico são confusas, não ajudam.",Negativo
"O sistema de aviso de greve funciona bem, me antecipei.",Positivo
"O aviso de greve veio em cima da hora, não consegui me organizar.",Negativo
"A facilidade de acesso à bilheteria é um ponto positivo.",Positivo
"A fila da bilheteria é interminável. Que lentidão!",Negativo
"O trem está sempre limpo e cheiroso, ótimo ambiente.",Positivo
"O trem está com cheiro de mofo e sujeira. Desagradável!",Negativo
"A equipe de manutenção é muito eficiente, o problema foi resolvido rápido.",Positivo
"A manutenção demorou dias para resolver o problema. Ineficiência!",Negativo
"A estação é muito bem cuidada, parabéns à equipe.",Positivo
"A estação está abandonada, cheia de grafites. Triste!",Negativo
"A sinalização para o embarque é muito clara.",Positivo
"A sinalização para o embarque é confusa, quase perdi o trem.",Negativo
"O sistema de ventilação do trem é eficaz, sempre fresco.",Positivo
"O sistema de ventilação do trem é fraco, muito abafado.",Negativo
"A qualidade da internet móvel na estação é excelente.",Positivo
"A internet móvel na estação é muito lenta. Inútil!",Negativo
"A área de desembarque é bem sinalizada e segura.",Positivo
"A área de desembarque é escura e sem sinalização clara.",Negativo
"O aplicativo oferece opções de rotas alternativas, muito útil.",Positivo
"As rotas alternativas do aplicativo são inviáveis. Não ajudam!",Negativo
"O sistema de reconhecimento facial para acesso é rápido.",Positivo
"O reconhecimento facial para acesso falha constantemente. Frustrante!",Negativo
"A plataforma tem bebedouros limpos e funcionando.",Positivo
"Os bebedouros da plataforma estão sujos e quebrados.",Negativo
"A nova campanha de conscientização na estação é informativa.",Positivo
"A campanha de conscientização é chata e repetitiva. Ignoro!",Negativo
"O sistema de empréstimo de bicicletas na estação é ótimo.",Positivo
"As bicicletas para empréstimo estão todas quebradas. Desrespeito!",Negativo
"A área de informação turística na estação é muito útil.",Positivo
"A área de informação turística está vazia. Não há ninguém para ajudar.",Negativo
"O trem é confortável e silencioso, ótima viagem.",Positivo
"O trem é barulhento e desconfortável. Viagem estressante!",Negativo
"A equipe de segurança faz um bom trabalho, me sinto protegido.",Positivo
"A segurança da estação é falha, presenciei furtos.",Negativo
"O sistema de som do trem é claro, consigo ouvir os avisos.",Positivo
"O som do trem está muito alto e distorcido. Dói o ouvido!",Negativo
"A disposição dos assentos no trem é confortável.",Positivo
"Os assentos do trem estão rasgados e sujos. Péssimo!",Negativo
"A área de espera do trem é limpa e com boa ventilação.",Positivo
"A área de espera do trem é abafada e suja. Insuportável!",Negativo
"A política de privacidade do aplicativo é clara.",Positivo
"A política de privacidade é confusa e cheia de termos jurídicos.",Negativo
"O sistema de carregamento de cartão é rápido e sem filas.",Positivo
"As máquinas de recarga de cartão estão com defeito. Que transtorno!",Negativo
"A nova iluminação da estação deixou o ambiente mais seguro.",Positivo
"A iluminação da estação está precária. Me sinto inseguro.",Negativo
"O sistema de alerta de porta fechando funciona bem.",Positivo
"O sistema de alerta de porta fechando falhou. Quase me prendeu!",Negativo
"O acesso para pessoas com mobilidade reduzida é excelente.",Positivo
"Acessibilidade zero para pessoas com mobilidade reduzida. Que descaso!",Negativo
"O sistema de controle de acesso é rápido e eficiente.",Positivo
"O controle de acesso é lento e causa filas enormes. Irritante!",Negativo
"A qualidade do piso da estação é boa, antiderrapante.",Positivo
"O piso da estação é escorregadio, quase caí. Que perigo!",Negativo
"A área de amamentação na estação é um toque de cuidado.",Positivo
"Não há área para amamentação na estação. Que falta de atenção!",Negativo
"O sistema de avisos de interrupção é muito preciso.",Positivo
"Os avisos de interrupção são tardios e confusos. Não ajudam!",Negativo
"A arquitetura da estação é moderna e bonita.",Positivo
"A arquitetura da estação é antiga e mal cuidada. Feio!",Negativo
"O sistema de coleta seletiva na estação é eficaz.",Positivo
"Não há coleta seletiva na estação, o lixo se mistura.",Negativo
"A equipe de apoio aos passageiros é muito solícita.",Positivo
"A equipe de apoio aos passageiros é despreparada e mal-educada.",Negativo
"A limpeza dos vidros do trem é impecável.",Positivo
"Os vidros do trem estão sujos e embaçados. Que visão horrível!",Negativo
"O sistema de segurança interna do trem é eficiente.",Positivo
"A segurança dentro do trem é precária, me sinto vulnerável.",Negativo
"A qualidade do áudio dos anúncios internos é ótima.",Positivo
"O áudio dos anúncios internos está muito baixo. Não escuto nada!",Negativo
"O sistema de indicação de assentos livres funciona bem.",Positivo
"A indicação de assentos livres está errada. Que frustração!",Negativo
"A estação é bem sinalizada para as plataformas.",Positivo
"A sinalização das plataformas é confusa, me perdi.",Negativo
"O sistema de monitoramento de fluxo de pessoas é preciso.",Positivo
"O monitoramento de fluxo de pessoas é ineficaz. Sem controle!",Negativo
"A área de informações tem atendentes prestativos.",Positivo
"Não há atendentes na área de informações. Descaso!",Negativo
"O sistema de controle de temperatura do trem é eficiente.",Positivo
"O controle de temperatura do trem está com defeito. Desagradável!",Negativo
"A nova campanha de segurança é bem elaborada e clara.",Positivo
"A campanha de segurança é chata e ignorável. Não aprendo nada!",Negativo
"O sistema de empréstimo de guarda-chuvas é inovador.",Positivo
"As opções de empréstimo são limitadas e complicadas.",Negativo
"A qualidade da água nos bebedouros é excelente.",Positivo
"A água dos bebedouros tem gosto estranho. Preocupante!",Negativo
"O painel de feedback rápido na saída é ótimo.",Positivo
"O painel de feedback é lento e trava. Não consigo enviar!",Negativo
"A limpeza do interior dos vagões é muito boa.",Positivo
"Os vagões estão cheios de lixo. Que relaxamento!",Negativo
"O acesso Wi-Fi gratuito é rápido e estável.",Positivo
"O Wi-Fi gratuito não funciona. É só de enfeite!",Negativo
"A equipe de manutenção é ágil na resolução de problemas.",Positivo
"A equipe de manutenção demora muito. Problemas se arrastam!",Negativo
"A sinalização tátil para deficientes visuais é bem feita.",Positivo
"A sinalização tátil está danificada. Perigoso para deficientes!",Negativo
"O sistema de alerta de emergência é funcional.",Positivo
"O sistema de alerta de emergência não disparou. Que falha grave!",Negativo
"A paisagem vista do trem é muito bonita e relaxante.",Positivo
"A vista da janela do trem é bloqueada por sujeira. Que pena!",Negativo
"O sistema de carregamento de ônibus na estação é prático.",Positivo
"O sistema de carregamento de ônibus falha sempre. Que irritação!",Negativo
"A estação possui rampas de acesso amplas e seguras.",Positivo
"As rampas de acesso são muito íngremes. Dificuldade!",Negativo
"O atendimento nas lojas da estação é muito bom.",Positivo
"As lojas da estação têm atendentes mal-humorados. Péssimo!",Negativo
"O sistema de som nos trens é claro e audível.",Positivo
"O som dos anúncios no trem está inaudível. Não entendo nada!",Negativo
"A segurança dos pertences no trem é boa, me sinto tranquilo.",Positivo
"Fui furtado no trem. A segurança é zero!",Negativo
"O design interno dos trens é moderno e agradável.",Positivo
"O design interno dos trens é antigo e desconfortável.",Negativo
"A área de descanso na estação é confortável.",Positivo
"A área de descanso é barulhenta e desconfortável. Não relaxo!",Negativo
"O aplicativo tem uma função de mapa offline, super útil.",Positivo
"O mapa offline não funciona, preciso de internet. Enganação!",Negativo
"As informações sobre eventos na estação são bem divulgadas.",Positivo
"Não vejo nenhuma informação sobre eventos na estação. Descaso!",Negativo
"O sistema de emergência de incêndio é bem sinalizado.",Positivo
"A sinalização de incêndio está bloqueada. Perigoso!",Negativo
"O transporte de bicicletas no trem é prático.",Positivo
"Não consigo levar minha bicicleta no trem. Que descaso!",Negativo
"A qualidade dos assentos da estação é ótima.",Positivo
"Os assentos da estação estão quebrados. Desconfortável!",Negativo
"O sistema de iluminação do trem é adequado.",Positivo
"O trem está escuro por dentro. Que clima ruim!",Negativo
"A equipe de limpeza dos trens é muito eficiente.",Positivo
"Os trens estão sempre sujos. Que nojo!",Negativo
"A função de 'reclamar rapidamente' é ótima.",Positivo
"A reclamação rápida não funciona. Perda de tempo!",Negativo
"A estrutura da estação é resistente e segura.",Positivo
"A estrutura da estação parece precária. Medo!",Negativo
"O sistema de câmeras de segurança é atualizado.",Positivo
"As câmeras de segurança são antigas. Não dá para ver nada!",Negativo
"O sistema de monitoramento de plataformas é eficiente.",Positivo
"O monitoramento de plataformas falha muito. Não me sinto seguro!",Negativo
"A equipe de atendimento da estação é educada.",Positivo
"Os atendentes da estação são rudes. Que grosseria!",Negativo
"A escada rolante funciona perfeitamente sempre.",Positivo
"A escada rolante está quebrada. Que inconveniente!",Negativo
"O painel de informações na plataforma é claro.",Positivo
"O painel na plataforma está piscando. Não consigo ler!",Negativo
"A área de embarque é bem organizada.",Positivo
"A área de embarque é caótica. Difícil de entrar no trem!",Negativo
"O sistema de pagamento por aproximação é rápido.",Positivo
"O pagamento por aproximação falha sempre. Que irritação!",Negativo
"A qualidade do ar na plataforma é agradável.",Positivo
"A plataforma é abafada e mal ventilada. Insuportável!",Negativo
"As informações sobre paradas são precisas.",Positivo
"As informações sobre paradas estão erradas. Perdi meu ponto!",Negativo
"O sistema de aviso de atraso é proativo.",Positivo
"O aviso de atraso só veio depois que o trem já atrasou. Inútil!",Negativo
"A equipe de segurança é bem treinada.",Positivo
"Os seguranças parecem despreparados. Não transmitem segurança!",Negativo
"A funcionalidade de 'achados e perdidos' é eficaz.",Positivo
"O sistema de achados e perdidos é uma bagunça.",Negativo
"O sistema de recarga de celulares é eficiente.",Positivo
"O carregador de celular na estação não funciona. Que raiva!",Negativo
"O trem é moderno e com boa iluminação.",Positivo
"O trem é antigo e a iluminação é fraca. Desagradável!",Negativo
"A equipe de manutenção é rápida e eficiente.",Positivo
"A equipe de manutenção é lenta. Os problemas demoram a ser resolvidos!",Negativo
"A estação é bonita e bem cuidada.",Positivo
"A estação está abandonada. Parece cenário de filme de terror!",Negativo
"O sistema de ar condicionado do trem é ótimo.",Positivo
"O ar condicionado do trem está quebrado. Morrendo de calor!",Negativo
"As informações no site são claras e acessíveis.",Positivo
"O site é confuso, não encontro as informações que preciso.",Negativo
"O sistema de feedback é responsivo e fácil de usar.",Positivo
"O formulário de feedback trava. Não consigo enviar!",Negativo
"A limpeza dos banheiros da estação é excelente.",Positivo
"Os banheiros da estação estão imundos. Que nojo!",Negativo
"A pontualidade das linhas é um diferencial.",Positivo
"Atrasos constantes nas linhas. Que falta de respeito!",Negativo
"A segurança nos trens é visível e me sinto seguro.",Positivo
"A segurança nos trens é inexistente. Medo!",Negativo
"Acessibilidade nos trens é muito boa, parabéns.",Positivo
"Não há acessibilidade nos trens. Que absurdo!",Negativo
"O sistema de avisos de emergência é imediato.",Positivo
"O aviso de emergência demorou. Quase me pegou!",Negativo
"A iluminação dos trens é adequada e agradável.",Positivo
"Os trens são mal iluminados. Desagradável!",Negativo
"A qualidade do assento do trem é confortável.",Positivo
"Os assentos do trem estão duros e sujos. Desconforto total!",Negativo
"O sistema de Wi-Fi no trem é rápido e estável.",Positivo
"O Wi-Fi no trem é lento e cai toda hora. Inútil!",Negativo
"A plataforma é limpa e organizada.",Positivo
"A plataforma está sempre suja e bagunçada. Desanima!",Negativo
"O sistema de som da estação é claro e sem ruídos.",Positivo
"O som da estação está distorcido. Não entendo nada!",Negativo
"A equipe de atendimento na estação é muito prestativa.",Positivo
"Os atendentes da estação são grosseiros e mal-humorados.",Negativo
"A escada rolante da estação funciona perfeitamente.",Positivo
"A escada rolante da estação está parada. Que estresse!",Negativo
"O painel de informações do próximo trem é preciso.",Positivo
"O painel do próximo trem está com informações erradas. Que confusão!",Negativo
"A área de embarque é bem sinalizada.",Positivo
"A área de embarque é confusa, quase perdi o trem.",Negativo
"O sistema de pagamento via celular é prático.",Positivo
"O pagamento via celular não funciona. Que chateação!",Negativo
"A qualidade do ar na estação é agradável.",Positivo
"A estação é abafada e com cheiro ruim. Insuportável!",Negativo
"As informações de horário são precisas.",Positivo
"As informações de horário estão sempre erradas. Irritante!",Negativo
"O sistema de avisos de interrupção é eficiente.",Positivo
"O aviso de interrupção chegou tarde demais. Já estava no meio!",Negativo
"A equipe de segurança é vigilante e atenciosa.",Positivo
"Os seguranças da estação não fazem nada. Que descaso!",Negativo
"A funcionalidade de 'rotas favoritas' é muito útil.",Positivo
"Não consigo salvar rotas favoritas. O sistema falha!",Negativo
"A área de recarga de dispositivos é bem localizada.",Positivo
"As tomadas de recarga não funcionam. Que perda de tempo!",Negativo
"O trem é confortável e com bom espaço interno.",Positivo
"O trem é apertado e desconfortável. Viajo espremido!",Negativo
"A equipe de limpeza da estação é muito dedicada.",Positivo
"A estação está sempre imunda. Parece um chiqueiro!",Negativo
"A sinalização da estação é clara e intuitiva.",Positivo
"A sinalização da estação é um caos. Me perdi!",Negativo
"O sistema de ventilação do trem é eficaz.",Positivo
"O ventilação do trem é fraca. Sinto falta de ar!",Negativo
"A qualidade da internet na estação é excelente.",Positivo
"A internet na estação é terrível. Não consigo usar!",Negativo
"A área de desembarque é segura e bem iluminada.",Positivo
"A área de desembarque é escura e perigosa. Medo!",Negativo
"O aplicativo oferece rotas otimizadas, muito útil.",Positivo
"As rotas otimizadas do aplicativo são piores que as minhas. Inúteis!",Negativo
"O sistema de biometria para acesso é rápido.",Positivo
"A biometria falha. Tenho que tentar várias vezes. Que raiva!",Negativo
"A plataforma tem bebedouros em bom estado.",Positivo
"Os bebedouros da plataforma estão imundos. Nojento!",Negativo
"A nova campanha de uso consciente é inspiradora.",Positivo
"A campanha de uso consciente é chata. Nem presto atenção!",Negativo
"O sistema de locação de patinetes na estação é inovador.",Positivo
"Os patinetes para locação estão todos quebrados. Que decepção!",Negativo
"A área de informações turísticas é muito útil.",Positivo
"A área de informações turísticas está vazia e sem atendentes.",Negativo
"O trem é silencioso, uma viagem tranquila.",Positivo
"O trem é barulhento, parece que vai desmontar. Estressante!",Negativo
"A equipe de segurança é muito atenciosa.",Positivo
"Os seguranças da estação são arrogantes. Não quero pedir ajuda!",Negativo
"O sistema de som do trem é nítido.",Positivo
"O som do trem está muito baixo. Não consigo ouvir os avisos!",Negativo
"A disposição dos assentos no trem é ergonômica.",Positivo
"Os assentos do trem são desconfortáveis. Minhas costas doem!",Negativo
"A área de espera do trem é agradável e espaçosa.",Positivo
"A área de espera do trem é apertada e cheia de gente. Sufocante!",Negativo
"O aplicativo tem uma opção de 'modo avião', muito útil.",Positivo
"O 'modo avião' do aplicativo não funciona. Que mentira!",Negativo
"As informações sobre promoções na estação são claras.",Positivo
"As promoções na estação são confusas. Não entendo nada!",Negativo
"O sistema de alerta de incêndio é testado regularmente.",Positivo
"O sistema de alerta de incêndio parece não funcionar. Preocupante!",Negativo
"O transporte de animais de estimação é permitido no trem.",Positivo
"Não consigo levar meu cachorro no trem. Que absurdo!",Negativo
"A qualidade dos assentos na estação é excelente.",Positivo
"Os assentos da estação são duros e sujos. Desconfortável!",Negativo
"A iluminação dos trens é perfeita para leitura.",Positivo
"A iluminação dos trens é muito fraca. Não consigo ler!",Negativo
"A equipe de limpeza dos trens é exemplar.",Positivo
"Os trens estão imundos. Um descaso!",Negativo
"A função de 'reportar erro' é rápida e eficaz.",Positivo
"O botão de 'reportar erro' não funciona. Que raiva!",Negativo
"A estrutura da estação é moderna e segura.",Positivo
"A estrutura da estação está caindo aos pedaços. Que perigo!",Negativo
"O sistema de câmeras de segurança é de alta resolução.",Positivo
"As câmeras de segurança são pixeladas. Não dá para ver nada!",Negativo
"O sistema de monitoramento de fluxo é muito preciso.",Positivo
"O monitoramento de fluxo é falho. As aglomerações continuam!",Negativo
"A equipe de atendimento da estação é atenciosa.",Positivo
"Os atendentes da estação são indiferentes. Nem olham na cara!",Negativo
"A escada rolante é sempre ágil e funciona bem.",Positivo
"A escada rolante está quebrada há dias. Insuportável!",Negativo
"O painel de informações de embarque é muito claro.",Positivo
"O painel de embarque está apagado. Não sei para onde ir!",Negativo
"A área de embarque é bem organizada e espaçosa.",Positivo
"A área de embarque é um caos. Muita gente e pouco espaço!",Negativo
"O sistema de pagamento com cartão é muito prático.",Positivo
"O pagamento com cartão não funciona. Só aceita dinheiro!",Negativo
"A qualidade do ar na estação é boa.",Positivo
"A estação está com cheiro de esgoto. Insalubre!",Negativo
"As informações de previsão de chegada são precisas.",Positivo
"A previsão de chegada está sempre errada. Perco meu tempo!",Negativo
"O sistema de avisos de desvio de rota é eficaz.",Positivo
"O aviso de desvio veio tarde demais. Já estava na rota errada!",Negativo
"A equipe de segurança é proativa e eficiente.",Positivo
"Os seguranças ficam sentados. Não vejo eles fazendo nada!",Negativo
"A funcionalidade de 'buscar rotas' é muito inteligente.",Positivo
"A busca de rotas não encontra caminhos. Que falha!",Negativo
"A área de recarga de bicicletas elétricas é útil.",Positivo
"Os pontos de recarga de bicicletas não funcionam. Que frustração!",Negativo
"O trem é confortável e a viagem é relaxante.",Positivo
"O trem é barulhento e vibra muito. Insuportável!",Negativo
"A equipe de limpeza da estação é muito cuidadosa.",Positivo
"A estação está sempre suja. Falta de cuidado!",Negativo
"A sinalização de saída da estação é muito clara.",Positivo
"A sinalização de saída é confusa. Não sei por onde sair!",Negativo
"O sistema de ventilação da estação é eficiente.",Positivo
"A estação é abafada e sem ventilação. Que calor!",Negativo
"A qualidade da cobertura do celular na estação é ótima.",Positivo
"Meu celular não tem sinal na estação. Inacreditável!",Negativo
"A área de desembarque é bem iluminada.",Positivo
"A área de desembarque está escura. Que perigo!",Negativo
"O aplicativo tem um modo de economia de bateria, muito útil.",Positivo
"O modo de economia de bateria não funciona. Gasta muita bateria!",Negativo
"As informações sobre horários de pico são claras.",Positivo
"As informações de horário de pico são imprecisas. Me ferrei!",Negativo
"O sistema de aviso de porta fechando funciona bem.",Positivo
"A porta do trem fechou na minha cara. Que raiva!",Negativo
"A equipe de segurança é rápida em intervir.",Positivo
"A segurança demora para chegar. A confusão já acabou!",Negativo
"O sistema de áudio nos trens é muito claro.",Positivo
"O áudio no trem está com chiado. Não dá para entender!",Negativo
"A disposição dos assentos no trem é muito confortável.",Positivo
"Os assentos do trem estão quebrados. Desconfortável!",Negativo
"A área de espera da estação é agradável.",Positivo
"A área de espera é barulhenta e agitada. Não consigo relaxar!",Negativo
"O aplicativo tem uma função de 'compartilhar localização', útil.",Positivo
"A função de compartilhar localização não funciona. Que falha!",Negativo
"As informações sobre atrasos são em tempo real.",Positivo
"As informações de atrasos são defasadas. Já cheguei atrasado!",Negativo
"O sistema de carregamento de cartão é eficiente.",Positivo
"A máquina de recarga de cartão está quebrada. Que transtorno!",Negativo
"A iluminação da estação é ótima para a noite.",Positivo
"A estação está escura à noite. Me sinto inseguro!",Negativo
"O sistema de alerta de abandono de objetos funciona bem.",Positivo
"O alerta de abandono de objetos não disparou. Preocupante!",Negativo
"O trem é moderno e com excelente design.",Positivo
"O trem é antigo e sem manutenção. Que pena!",Negativo
"A equipe de manutenção é muito proativa.",Positivo
"A manutenção é reativa. Só agem depois que o problema acontece!",Negativo
"A estação é bem conservada e bonita.",Positivo
"A estação está depredada. Que tristeza!",Negativo
"O sistema de ar condicionado da estação é eficaz.",Positivo
"O ar condicionado da estação está quebrado. Morrendo de calor!",Negativo
"O site é responsivo e funciona em qualquer dispositivo.",Positivo
"O site não é responsivo. Horrível no celular!",Negativo
"O sistema de feedback é eficiente e fácil de usar.",Positivo
"O formulário de feedback é complexo. Desisti de enviar!",Negativo
"A limpeza dos banheiros do trem é excelente.",Positivo
"Os banheiros do trem estão imundos. Cheiro horrível!",Negativo
"A pontualidade dos trens é muito boa.",Positivo
"Atrasos intermináveis nos trens. Que frustração!",Negativo
"A segurança nas estações é visível e tranquilizadora.",Positivo
"A segurança nas estações é inexistente. Tenho medo!",Negativo
"A acessibilidade na estação é ótima, bem planejada.",Positivo
"Acessibilidade na estação é um problema. Não consigo usar!",Negativo
"O sistema de avisos de emergência é imediato e claro.",Positivo
"O aviso de emergência demorou e não entendi nada. Que caos!",Negativo
"A iluminação da estação é perfeita para leitura.",Positivo
"A estação é mal iluminada. Não consigo ler nada!",Negativo
"A qualidade do assento da estação é confortável.",Positivo
"Os assentos da estação são duros. Dói as costas!",Negativo
"O sistema de Wi-Fi na plataforma é rápido.",Positivo
"O Wi-Fi na plataforma é muito lento. Inútil!",Negativo
"A plataforma é limpa e com bom fluxo de pessoas.",Positivo
"A plataforma está lotada e suja. Insuportável!",Negativo
"O sistema de som do trem é claro.",Positivo
"O som do trem está com ruído. Não entendo os anúncios!",Negativo
"A equipe de atendimento do trem é muito gentil.",Positivo
"Os atendentes do trem são rudes. Que grosseria!",Negativo
"A escada rolante do trem funciona perfeitamente.",Positivo
"A escada rolante do trem está quebrada. Que problema!",Negativo
"O painel de informações dentro do trem é preciso.",Positivo
"O painel dentro do trem está com erro. Não sei onde estou!",Negativo
"A área de embarque no trem é bem organizada.",Positivo
"A área de embarque no trem é um caos. Empurra-empurra!",Negativo
"O sistema de pagamento por QR code é prático.",Positivo
"O pagamento por QR code falha. Tenho que tentar várias vezes!",Negativo
"A qualidade do ar no trem é agradável.",Positivo
"O ar no trem é abafado. Que cheiro ruim!",Negativo
"As informações de itinerário são precisas.",Positivo
"As informações de itinerário estão erradas. Perdi o caminho!",Negativo
"O sistema de avisos de porta fechando é confiável.",Positivo
"O aviso de porta fechando falhou. Quase me machuquei!",Negativo
"A equipe de segurança no trem é atenta.",Positivo
"Os seguranças no trem não fazem nada. Preocupante!",Negativo
"A funcionalidade de 'rotas mais rápidas' é excelente.",Positivo
"As rotas mais rápidas do aplicativo são demoradas. Que enganação!",Negativo
"A área de carregamento de baterias é útil.",Positivo
"Os carregadores de bateria estão com defeito. Que frustração!",Negativo
"O trem é confortável e a viagem é tranquila.",Positivo
"O trem é barulhento e a viagem é estressante. Não aguento!",Negativo
"A equipe de limpeza do trem é muito eficiente.",Positivo
"O trem está imundo. Um absurdo!",Negativo
"A sinalização dentro do trem é clara.",Positivo
"A sinalização dentro do trem é confusa. Não sei onde descer!",Negativo
"O sistema de ventilação no trem é eficaz.",Positivo
"O ventilação no trem é fraca. Fico suado!",Negativo
"A qualidade da cobertura do celular no trem é ótima.",Positivo
"Meu celular não tem sinal no trem. Que problema!",Negativo
"O aplicativo tem um recurso de 'notificações personalizadas', ótimo.",Positivo
"As notificações personalizadas não funcionam. Recebo tudo!",Negativo
"As informações sobre a próxima estação são precisas.",Positivo
"A informação da próxima estação está errada. Desci no lugar errado!",Negativo
"O sistema de aviso de emergência é rápido.",Positivo
"O aviso de emergência demorou para chegar. Que perigo!",Negativo
"A acessibilidade para deficientes visuais no trem é boa.",Positivo
"Acessibilidade zero para deficientes visuais no trem. Que descaso!",Negativo
"O sistema de controle de acesso no trem é rápido.",Positivo
"O controle de acesso no trem é lento. Forma fila!",Negativo
"A qualidade do piso do trem é boa.",Positivo
"O piso do trem está escorregadio. Que perigo!",Negativo
"A área de descanso no trem é confortável.",Positivo
"A área de descanso no trem é barulhenta. Não consigo relaxar!",Negativo
"O sistema de avisos de interrupção é bem comunicado.",Positivo
"Os avisos de interrupção são ruins. Não entendo o que está acontecendo!",Negativo
"A arquitetura interna do trem é moderna.",Positivo
"A arquitetura interna do trem é antiga. Parece dos anos 80!",Negativo
"O sistema de coleta de lixo no trem é eficiente.",Positivo
"Não há lixeiras no trem. O lixo se acumula!",Negativo
"A equipe de apoio aos passageiros no trem é solícita.",Positivo
"A equipe de apoio no trem é indiferente. Não ajudam em nada!",Negativo
"A limpeza das janelas do trem é impecável.",Positivo
"As janelas do trem estão sujas. Mal consigo ver a paisagem!",Negativo
"O sistema de segurança das portas do trem é eficaz.",Positivo
"As portas do trem estão com problemas. Que medo!",Negativo
"A qualidade do áudio dos alto-falantes é ótima.",Positivo
"O áudio dos alto-falantes é distorcido. Ininteligível!",Negativo
"O sistema de indicação de destino funciona bem.",Positivo
"A indicação de destino está errada. Que confusão!",Negativo
"O sistema de monitoramento de incidentes é preciso.",Positivo
"O monitoramento de incidentes falha. Não pegam nada!",Negativo
"A área de informações no trem é clara.",Positivo
"A área de informações no trem é confusa. Não entendo nada!",Negativo
"O sistema de controle de temperatura no trem é eficiente.",Positivo
"O controle de temperatura no trem está quebrado. Muito quente!",Negativo
"A nova campanha de uso de máscaras é clara.",Positivo
"A campanha de uso de máscaras é irritante. Repetitiva!",Negativo
"O sistema de empréstimo de livros no trem é inovador.",Positivo
"Os livros para empréstimo estão todos rasgados. Que desleixo!",Negativo
"A qualidade da água nos bebedouros do trem é boa.",Positivo
"A água dos bebedouros do trem tem gosto de metal. Horrível!",Negativo
"O painel de feedback no trem é rápido.",Positivo
"O painel de feedback no trem não funciona. Que raiva!",Negativo
"O sistema de climatização da estação é excelente, sempre agradável.",Positivo
"O banheiro da estação está sempre limpo e com bom cheiro.",Positivo
"A equipe de segurança é visível e atua de forma preventiva, muito bom.",Positivo
"As informações nos painéis digitais são sempre atualizadas e claras.",Positivo
"A iluminação das plataformas é ótima, sinto-me segura à noite.",Positivo
"A rampa de acesso está em perfeito estado e facilita muito para cadeirantes.",Positivo
"O acesso ao Wi-Fi é rápido e gratuito, um grande diferencial.",Positivo
"Adorei a agilidade na compra de passagens pelo aplicativo.",Positivo
"O layout do site é intuitivo e fácil de navegar.",Positivo
"O suporte ao cliente é excepcional, resolveram meu problema em minutos.",Positivo
"A limpeza dos vagões é impecável, um ambiente muito agradável.",Positivo
"A pontualidade dos trens é algo que me surpreende positivamente todos os dias.",Positivo
"As informações sobre a linha estão completas e bem organizadas.",Positivo
"A estação é bem sinalizada, não há como se perder.",Positivo
"Gostei da função de alertas personalizados, muito útil para minha rotina.",Positivo
"A integração com os aplicativos de transporte é fluida e sem falhas.",Positivo
"O sistema de monitoramento de trens em tempo real é muito preciso.",Positivo
"A qualidade do som dos anúncios é excelente, consigo entender tudo.",Positivo
"Parabéns pela acessibilidade em todos os espaços, pensando em todos os usuários.",Positivo
"A área de alimentação da estação é variada e com boas opções.",Positivo
"O novo sistema de bilhetagem é rápido e eficiente.",Positivo
"As manutenções são divulgadas com antecedência, o que ajuda muito no planejamento.",Positivo
"O aplicativo é muito leve e não consome muita bateria do meu celular.",Positivo
"A visualização dos mapas de calor de lotação é super útil.",Positivo
"A equipe de limpeza é visível e está sempre em ação, mantendo tudo em ordem.",Positivo
"A disponibilidade de tomadas para carregar o celular é um alívio.",Positivo
"O processo de embarque e desembarque é rápido e organizado.",Positivo
"Sinto que o sistema está em constante evolução, sempre com novidades úteis.",Positivo
"A resposta dos botões e menus é instantânea, sem atrasos.",Positivo
"O suporte técnico por chat funciona muito bem, fui muito bem atendido.",Positivo
"A plataforma é ampla e não fica superlotada, mesmo em horários de pico.",Positivo
"Os filtros de busca funcionam perfeitamente, encontro o que preciso rapidamente.",Positivo
"A nova funcionalidade de pré-visualização de relatórios é um diferencial.",Positivo
"É ótimo ver a transparência nos dados de desempenho da linha.",Positivo
"A qualidade das imagens das câmeras de segurança é alta.",Positivo
"A equipe de segurança é atenciosa e proativa, me sinto protegido.",Positivo
"A acessibilidade visual do aplicativo é excelente, fontes e cores bem escolhidas.",Positivo
"Os horários de operação são claros e bem comunicados.",Positivo
"A integração com as redes sociais para compartilhamento de status é legal.",Positivo
"A interface de contato para sugestões e reclamações é bem feita.",Positivo
"O sistema de iluminação do trem é adequado, não incomoda a visão.",Positivo
"A climatização dentro do trem é sempre confortável, nem quente nem fria.",Positivo
"O vagão silencioso é um grande benefício para quem precisa trabalhar ou relaxar.",Positivo
"A sinalização de perigo é clara e visível, aumentando a segurança.",Positivo
"A equipe de atendimento da estação é muito cortês e prestativa.",Positivo
"O sistema de carregamento de bilhetes é moderno e sem falhas.",Positivo
"A disponibilidade de bebedouros limpos e funcionando é muito boa.",Positivo
"O espaço para bagagens é adequado, não preciso me preocupar.",Positivo
"As cadeiras da estação são ergonômicas e confortáveis.",Positivo
"O sistema de anúncios sonoros é muito claro e informativo.",Positivo
"A velocidade do trem é consistente e a viagem é tranquila.",Positivo
"O sistema de aviso de próximos pontos é preciso e em tempo real.",Positivo
"É bom ter opções de transporte integrado, como ônibus e trem.",Positivo
"A qualidade da infraestrutura da estação é impressionante.",Positivo
"A equipe de fiscalização é presente e atenta, contribuindo para a ordem.",Positivo
"O sistema de informação de interrupções é eficaz, consigo me planejar.",Positivo
"A ventilação da estação é natural e o ar é fresco.",Positivo
"A função de 'rotas mais rápidas' é realmente a mais rápida, adorei!",Positivo
"O aplicativo é leve e não trava meu celular.",Positivo
"As informações de segurança são divulgadas de forma clara e objetiva.",Positivo
"A iluminação natural da estação é muito boa, criando um ambiente agradável.",Positivo
"O sistema de pagamento é ágil, evito filas.",Positivo
"O trem tem uma ótima vista da paisagem, muito relaxante.",Positivo
"A área de embarque é espaçosa, não há tumulto.",Positivo
"A limpeza dos vidros do trem é impecável.",Positivo
"A qualidade do áudio no trem é excelente, sem ruídos.",Positivo
"O sistema de localização de plataformas é muito preciso.",Positivo
"A área de espera do trem é confortável e limpa.",Positivo
"O aplicativo tem uma boa organização de menus, fácil de encontrar tudo.",Positivo
"O tempo de espera do trem é sempre menor do que o previsto, muito bom!",Positivo
"As notificações são pontuais e me mantêm sempre informado.",Positivo
"O sistema de monitoramento de ocorrências é eficaz, tudo sob controle.",Positivo
"A área de apoio ao turista na estação é muito útil.",Positivo
"O trem é moderno e com um design interior muito bonito.",Positivo
"A equipe de manutenção é muito dedicada e prestativa.",Positivo
"A estação tem uma boa infraestrutura de lojas e serviços.",Positivo
"A sinalização da linha é clara, evitando enganos.",Positivo
"O sistema de ventilação do trem é muito bom, sempre fresco.",Positivo
"A cobertura de internet no trem é estável, consigo trabalhar.",Positivo
"A área de desembarque é bem sinalizada e segura para todos.",Positivo
"As opções de rotas alternativas são variadas e úteis.",Positivo
"O sistema de reconhecimento facial é ágil e sem falhas.",Positivo
"Os bebedouros da plataforma estão sempre limpos e funcionando.",Positivo
"A campanha de conscientização ambiental é inspiradora.",Positivo
"O sistema de empréstimo de livros na estação é uma ótima iniciativa.",Positivo
"A qualidade da água dos bebedouros da estação é excelente.",Positivo
"O painel de feedback na saída é intuitivo e rápido.",Positivo
"Os vagões são muito limpos, é um prazer viajar.",Positivo
"O acesso Wi-Fi gratuito na estação é muito rápido.",Positivo
"A equipe de manutenção é muito rápida para resolver problemas.",Positivo
"A sinalização tátil para deficientes visuais é perfeita.",Positivo
"O sistema de alerta de emergência funciona perfeitamente.",Positivo
"A vista da janela do trem é deslumbrante, adorei a paisagem.",Positivo
"O sistema de integração com ônibus é muito eficiente.",Positivo
"As rampas de acesso são seguras e bem iluminadas.",Positivo
"As lojas da estação têm produtos de qualidade e bons preços.",Positivo
"O sistema de som nos trens é de alta qualidade, sem ruídos.",Positivo
"A segurança dos pertences no trem é excelente, me sinto tranquila.",Positivo
"O design interno dos trens é elegante e confortável.",Positivo
"A área de descanso na estação é muito confortável e silenciosa.",Positivo
"O aplicativo tem um modo offline muito útil para viagens.",Positivo
"As informações sobre a linha estão sempre atualizadas.",Positivo
"O sistema de emergência contra incêndios é bem sinalizado.",Positivo
"O transporte de animais de estimação no trem é facilitado.",Positivo
"Os assentos da estação são confortáveis e bem conservados.",Positivo
"A iluminação dos trens é perfeita para qualquer hora do dia.",Positivo
"A equipe de limpeza dos trens é muito atenta e cuidadosa.",Positivo
"A função de 'reclamar' é muito fácil de usar e eficiente.",Positivo
"A estrutura da estação é moderna e visualmente agradável.",Positivo
"As câmeras de segurança são modernas e com alta resolução.",Positivo
"O sistema de monitoramento de plataformas é muito eficaz.",Positivo
"A equipe de atendimento da estação é educada e solícita.",Positivo
"A escada rolante funciona perfeitamente, sem interrupções.",Positivo
"O painel de informações na plataforma é muito claro e legível.",Positivo
"A área de embarque é bem organizada e flui rapidamente.",Positivo
"O sistema de pagamento por aproximação é super prático.",Positivo
"A qualidade do ar na plataforma é fresca e limpa.",Positivo
"As informações sobre paradas são muito precisas.",Positivo
"O sistema de aviso de atraso é proativo e útil.",Positivo
"A equipe de segurança é muito bem treinada e confiável.",Positivo
"A funcionalidade de 'achados e perdidos' é muito eficiente.",Positivo
"O sistema de recarga de celulares na estação é um diferencial.",Positivo
"O trem é muito confortável, a viagem passa rapidinho.",Positivo
"A equipe de manutenção é muito competente e resolve rápido.",Positivo
"A estação é muito bem cuidada, parabéns a todos.",Positivo
"O sistema de ar condicionado do trem é excelente, sempre fresco.",Positivo
"O site é super fácil de navegar, encontrei tudo rápido.",Positivo
"O sistema de feedback é muito responsivo, sem problemas.",Positivo
"A limpeza dos banheiros da estação é nota 10, impecável.",Positivo
"A pontualidade dos trens é digna de aplausos, sempre pontual.",Positivo
"A segurança nos trens é visível e me sinto protegida.",Positivo
"A acessibilidade nos trens é muito boa, sem problemas.",Positivo
"O sistema de avisos de emergência é imediato e claro.",Positivo
"A iluminação dos trens é adequada, não cansa a vista.",Positivo
"A qualidade do assento do trem é muito boa, confortável.",Positivo
"O Wi-Fi no trem é excelente, consigo trabalhar sem problemas.",Positivo
"A plataforma é sempre limpa e organizada, muito bom.",Positivo
"O sistema de som da estação é impecável, sem ruídos.",Positivo
"A equipe de atendimento do trem é muito gentil e prestativa.",Positivo
"A escada rolante do trem funciona perfeitamente.",Positivo
"O painel de informações dentro do trem é muito preciso.",Positivo
"A área de embarque no trem é bem organizada.",Positivo
"O sistema de pagamento por QR code é muito prático.",Positivo
"A qualidade do ar no trem é agradável, sem cheiros.",Positivo
"As informações de itinerário são muito precisas.",Positivo
"O sistema de avisos de porta fechando é confiável.",Positivo
"A equipe de segurança no trem é atenta e rápida.",Positivo
"A funcionalidade de 'rotas mais rápidas' é realmente útil.",Positivo
"A área de carregamento de baterias é bem útil.",Positivo
"O trem é silencioso, uma viagem muito relaxante.",Positivo
"A equipe de limpeza do trem é muito eficiente.",Positivo
"A sinalização dentro do trem é muito clara.",Positivo
"A ventilação no trem é eficaz, sempre fresco.",Positivo
"A cobertura do celular no trem é excelente.",Positivo
"O aplicativo tem 'notificações personalizadas' que funcionam.",Positivo
"As informações sobre a próxima estação são exatas.",Positivo
"O sistema de aviso de emergência é super rápido.",Positivo
"A acessibilidade para deficientes visuais no trem é ótima.",Positivo
"O sistema de controle de acesso no trem é eficiente.",Positivo
"A qualidade do piso do trem é muito boa.",Positivo
"A área de descanso no trem é confortável e silenciosa.",Positivo
"O sistema de avisos de interrupção é bem comunicado.",Positivo
"A arquitetura interna do trem é moderna e bonita.",Positivo
"O sistema de coleta de lixo no trem é muito eficiente.",Positivo
"A equipe de apoio aos passageiros no trem é muito solícita.",Positivo
"A limpeza das janelas do trem é perfeita, sem marcas.",Positivo
"O sistema de segurança das portas do trem é muito eficaz.",Positivo
"A qualidade do áudio dos alto-falantes é impecável.",Positivo
"O sistema de indicação de destino é muito preciso.",Positivo
"O sistema de monitoramento de incidentes é muito eficaz.",Positivo
"A área de informações no trem é muito clara.",Positivo
"O sistema de controle de temperatura no trem é eficiente.",Positivo
"A nova campanha de uso de máscaras é muito instrutiva.",Positivo
"O sistema de empréstimo de livros no trem é uma ótima ideia.",Positivo
"A qualidade da água nos bebedouros do trem é muito boa.",Positivo
"O painel de feedback no trem é muito rápido e prático.",Positivo
"As informações estão desorganizadas e difíceis de encontrar. Isso é péssimo para a produtividade!",Negativo
"O sistema está lento demais, não consigo finalizar minhas tarefas a tempo. Que frustração!",Negativo
"Recebo notificações falsas o tempo todo, isso me atrapalha muito.",Negativo
"A interface é um labirinto, demoro para achar qualquer coisa. Um horror!",Negativo
"O botão de 'salvar' não funciona corretamente, já perdi dados várias vezes.",Negativo
"A equipe de suporte técnico é ineficiente, não resolvem nada.",Negativo
"A atualização recente piorou tudo, o sistema está cheio de bugs.",Negativo
"O login está falhando constantemente, é impossível acessar.",Negativo
"Os relatórios gerados não são confiáveis, sempre com dados inconsistentes.",Negativo
"O aplicativo consome muita bateria do meu celular, é um problema.",Negativo
"A navegação é travada e lenta, uma experiência muito ruim.",Negativo
"O menu principal é confuso, não sei onde clicar.",Negativo
"A busca não encontra resultados relevantes, é inútil.",Negativo
"As informações sobre manutenções são divulgadas em cima da hora, atrapalhando.",Negativo
"A plataforma é poluída visualmente, com muita informação desnecessária.",Negativo
"O tempo de resposta do sistema é inaceitável, muito demorado.",Negativo
"Os gráficos são confusos e não consigo extrair informações úteis.",Negativo
"A funcionalidade de exportar dados está com problemas, os arquivos vêm corrompidos.",Negativo
"O sistema de segurança parece frágil, me sinto vulnerável.",Negativo
"A comunicação de erros é genérica, não me ajuda a entender o problema.",Negativo
"O suporte por e-mail é muito lento, demoram dias para responder.",Negativo
"As cores da interface são ruins, dificultam a leitura.",Negativo
"A acessibilidade para deficientes visuais é péssima, o aplicativo não é inclusivo.",Negativo
"A documentação é incompleta e não me ajuda a usar o sistema.",Negativo
"O sistema apresenta falhas de segurança, estou preocupado com meus dados.",Negativo
"Os avisos sonoros na estação são inaudíveis, não consigo entender as mensagens.",Negativo
"O banheiro da estação está sujo e com mau cheiro, um ambiente desagradável.",Negativo
"As escadas rolantes da estação estão quebradas com frequência, causando transtornos.",Negativo
"A iluminação das plataformas é insuficiente, me sinto inseguro à noite.",Negativo
"O Wi-Fi da estação é lento e cai a todo momento, não consigo usar.",Negativo
"Os assentos da estação estão quebrados e desconfortáveis, falta de manutenção.",Negativo
"A equipe de segurança é despreparada e não me sinto protegido.",Negativo
"A linha de trem está sempre atrasada, prejudicando minha rotina.",Negativo
"A limpeza dos vagões é precária, é nojento viajar assim.",Negativo
"A sinalização das linhas é confusa, perco tempo para me orientar.",Negativo
"O ar condicionado do trem não funciona, a viagem é insuportável.",Negativo
"A qualidade da internet móvel na estação é péssima, não consigo me conectar.",Negativo
"A área de desembarque é escura e perigosa, sem visibilidade.",Negativo
"As opções de rotas alternativas são piores que a rota original, não ajudam.",Negativo
"O sistema de reconhecimento facial para acesso falha constantemente, é irritante.",Negativo
"Os bebedouros da plataforma estão sujos e quebrados, sem condições de uso.",Negativo
"A campanha de conscientização é ineficaz, ninguém presta atenção.",Negativo
"O sistema de empréstimo de bicicletas está sempre com problemas, não funciona.",Negativo
"A área de informação turística está vazia, não há ninguém para ajudar.",Negativo
"O trem é barulhento e desconfortável, a viagem é estressante.",Negativo
"A equipe de segurança é rude e não me ajuda quando preciso.",Negativo
"O sistema de som do trem está distorcido, não consigo entender os avisos.",Negativo
"A disposição dos assentos no trem é apertada e desconfortável.",Negativo
"A área de espera do trem é suja e abafada, insuportável.",Negativo
"O aplicativo trava constantemente, perco muito tempo com isso.",Negativo
"As informações sobre eventos na estação não são divulgadas, perco tudo.",Negativo
"O sistema de emergência de incêndio é ineficaz, me sinto inseguro.",Negativo
"O transporte de animais de estimação não é permitido no trem. Que descaso!",Negativo
"Os assentos da estação estão sujos e rasgados, um descaso total.",Negativo
"A iluminação dos trens é muito fraca, mal consigo enxergar.",Negativo
"A equipe de limpeza dos trens é ineficiente, os trens estão sempre sujos.",Negativo
"A função de 'reclamar rapidamente' não funciona, é inútil.",Negativo
"A estrutura da estação parece precária e sem manutenção.",Negativo
"As câmeras de segurança são de baixa resolução, não dá para ver nada.",Negativo
"O sistema de monitoramento de plataformas é falho, não me sinto seguro.",Negativo
"A equipe de atendimento da estação é mal-educada e grosseira.",Negativo
"A escada rolante está sempre quebrada, é um transtorno.",Negativo
"O painel de informações na plataforma está com defeito, não consigo ler.",Negativo
"A área de embarque é desorganizada e tumultuada, um caos.",Negativo
"O sistema de pagamento por aproximação não funciona, é irritante.",Negativo
"A qualidade do ar na plataforma é ruim, com cheiro de esgoto.",Negativo
"As informações sobre paradas são imprecisas, já errei o ponto várias vezes.",Negativo
"O sistema de aviso de atraso é tardio, não ajuda em nada.",Negativo
"A equipe de segurança é ineficiente, não faz nada para ajudar.",Negativo
"A funcionalidade de 'achados e perdidos' é uma bagunça, nunca encontrei nada.",Negativo
"O sistema de recarga de celulares na estação está sempre quebrado.",Negativo
"O trem é antigo e desconfortável, a viagem é uma tortura.",Negativo
"A equipe de manutenção é lenta e ineficiente, os problemas se arrastam.",Negativo
"A estação está abandonada e depredada, um ambiente perigoso.",Negativo
"O sistema de ar condicionado do trem está quebrado, é um forno.",Negativo
"O site é confuso e difícil de navegar, perco muito tempo nele.",Negativo
"O sistema de feedback é complicado, desisti de enviar minha reclamação.",Negativo
"A limpeza dos banheiros da estação é péssima, são imundos.",Negativo
"A pontualidade dos trens é um mito, sempre atrasam.",Negativo
"A segurança nos trens é inexistente, sinto medo ao viajar.",Negativo
"A acessibilidade nos trens é um problema sério, não consigo usar.",Negativo
"O sistema de avisos de emergência é lento e confuso, não entendo nada.",Negativo
"A iluminação dos trens é ruim, mal consigo ler um livro.",Negativo
"A qualidade do assento do trem é horrível, sinto dores nas costas.",Negativo
"O Wi-Fi no trem é péssimo, não funciona.",Negativo
"A plataforma é sempre suja e bagunçada, é um inferno.",Negativo
"O sistema de som da estação é péssimo, com muito ruído.",Negativo
"A equipe de atendimento do trem é rude e mal-educada.",Negativo
"A escada rolante do trem está quebrada, é um transtorno.",Negativo
"O painel de informações dentro do trem está com erro, não consigo ver as paradas.",Negativo
"A área de embarque no trem é um caos, difícil de entrar.",Negativo
"O sistema de pagamento por QR code não funciona, é uma vergonha.",Negativo
"A qualidade do ar no trem é sufocante, com cheiro ruim.",Negativo
"As informações de itinerário estão erradas, já me perdi várias vezes.",Negativo
"O sistema de avisos de porta fechando falhou, quase sofri um acidente.",Negativo
"A equipe de segurança no trem é desatenta, não fazem nada.",Negativo
"A funcionalidade de 'rotas mais rápidas' é inútil, sempre me leva para caminhos mais longos.",Negativo
"A área de carregamento de baterias está sempre quebrada, nunca funciona.",Negativo
"O trem é barulhento e a viagem é estressante, não consigo relaxar.",Negativo
"A equipe de limpeza do trem é ineficiente, os vagões estão sempre sujos.",Negativo
"A sinalização dentro do trem é confusa, não sei onde descer.",Negativo
"A ventilação no trem é fraca, sinto muito calor.",Negativo
"A cobertura do celular no trem é péssima, não consigo fazer chamadas.",Negativo
"O aplicativo tem 'notificações personalizadas' que não funcionam, recebo tudo.",Negativo
"As informações sobre a próxima estação estão erradas, já desci no lugar errado.",Negativo
"O sistema de aviso de emergência é lento, me sinto em perigo.",Negativo
"A acessibilidade para deficientes visuais no trem é um desrespeito.",Negativo
"O sistema de controle de acesso no trem é lento, causa filas.",Negativo
"A qualidade do piso do trem é ruim, escorregadio e perigoso.",Negativo
"A área de descanso no trem é barulhenta, não consigo descansar.",Negativo
"O sistema de avisos de interrupção é confuso, não entendo o que está acontecendo.",Negativo
"A arquitetura interna do trem é feia e antiga, parece abandonada.",Negativo
"O sistema de coleta de lixo no trem é ineficiente, o lixo se acumula.",Negativo
"A equipe de apoio aos passageiros no trem é indiferente, não ajudam.",Negativo
"A limpeza das janelas do trem é péssima, mal consigo ver lá fora.",Negativo
"O sistema de segurança das portas do trem é falho, me sinto inseguro.",Negativo
"A qualidade do áudio dos alto-falantes é horrível, com muito ruído.",Negativo
"O sistema de indicação de destino está errado, me levou para o lugar errado.",Negativo
"O sistema de monitoramento de incidentes é ineficaz, não pegam nada.",Negativo
"A área de informações no trem é confusa, não consigo achar nada.",Negativo
"O sistema de controle de temperatura no trem está quebrado, é um forno.",Negativo
"A nova campanha de uso de máscaras é chata e repetitiva, ignoro.",Negativo
"O sistema de empréstimo de livros no trem é inútil, os livros estão em péssimo estado.",Negativo
"A qualidade da água nos bebedouros do trem é ruim, com gosto estranho.",Negativo
"O painel de feedback no trem não funciona, não consigo enviar minha opinião.",Negativo
"As informações estão desorganizadas e difíceis de encontrar. Que inferno!",Negativo
"O sistema travou de novo, que raiva! Preciso de algo mais estável.",Negativo
"A interface é um caos visual, não dá pra entender nada.",Negativo
"Os gráficos são confusos e não ajudam na tomada de decisão.",Negativo
"O botão de ajuda não funciona, me sinto abandonado.",Negativo
"A cada atualização o sistema fica pior, inacreditável!",Negativo
"Meu login não funciona, estou completamente bloqueado.",Negativo
"Os relatórios são incompletos, não consigo ter uma visão clara.",Negativo
"O aplicativo está drenando minha bateria, é um problema sério.",Negativo
"A navegação é lenta e frustrante, perco muito tempo.",Negativo
"O menu principal é um labirinto, não consigo encontrar o que preciso.",Negativo
"A função de busca é ineficaz, não encontro nada.",Negativo
"Os alertas de manutenção são inúteis, chegam muito tarde.",Negativo
"A plataforma é abarrotada de informações, confuso demais.",Negativo
"O tempo de carregamento é insuportável, desisto de usar.",Negativo
"Os dados estão inconsistentes, não posso confiar no sistema.",Negativo
"A exportação de dados é um pesadelo, sempre dá erro.",Negativo
"A segurança do sistema é questionável, me sinto exposto.",Negativo
"As mensagens de erro são crípticas, não entendo o que fazer.",Negativo
"O suporte é demorado e não resolvem meu problema. Péssimo!",Negativo
"As cores da interface são cansativas, doem os olhos.",Negativo
"A acessibilidade é inexistente, não posso usar o aplicativo.",Negativo
"A documentação é confusa e sem exemplos, não ajuda em nada.",Negativo
"O sistema está sempre com falhas, é instável demais.",Negativo
"Os avisos sonoros na estação são irritantes e altos demais.",Negativo
"O banheiro da estação é insuportável, fedorento e sujo.",Negativo
"As escadas rolantes estão sempre paradas, um transtorno.",Negativo
"A iluminação das plataformas é péssima, é um breu.",Negativo
"O Wi-Fi da estação é uma piada, não funciona nunca.",Negativo
"Os assentos da estação são quebrados e sem conforto.",Negativo
"A equipe de segurança é desatenta, não vejo ninguém agindo.",Negativo
"A linha de trem está sempre lotada e atrasada. Um caos!",Negativo
"A limpeza dos vagões é inexistente, é um chiqueiro.",Negativo
"A sinalização das linhas é ambígua, fico sempre perdido.",Negativo
"O ar condicionado do trem está sempre quebrado. Um inferno!",Negativo
"A internet móvel na estação é um lixo, não funciona.",Negativo
"A área de desembarque é escura e perigosa, sinto medo.",Negativo
"As rotas alternativas são inviáveis, perco mais tempo com elas.",Negativo
"O reconhecimento facial falha, me impede de acessar.",Negativo
"Os bebedouros da plataforma estão imundos, sem condições de uso.",Negativo
"A campanha de conscientização é inútil, ninguém se importa.",Negativo
"O sistema de empréstimo de bicicletas está sempre desativado.",Negativo
"A área de informação turística está vazia, não serve para nada.",Negativo
"O trem é barulhento e desconfortável, um verdadeiro tormento.",Negativo
"A equipe de segurança é mal-educada e não me ajuda em nada.",Negativo
"O som do trem está distorcido, não entendo as mensagens.",Negativo
"A disposição dos assentos no trem é apertada, não consigo me mexer.",Negativo
"A área de espera do trem é suja e abafada, insuportável.",Negativo
"O aplicativo está cheio de bugs, trava toda hora.",Negativo
"As informações sobre eventos na estação são ausentes.",Negativo
"O sistema de emergência de incêndio é falho, me sinto exposto.",Negativo
"O transporte de animais de estimação é complicado, muita burocracia.",Negativo
"Os assentos da estação estão velhos e rasgados, que descaso!",Negativo
"A iluminação dos trens é insuficiente, muito escura.",Negativo
"A equipe de limpeza dos trens é preguiçosa, os trens estão imundos.",Negativo
"A função de 'reclamar rapidamente' não funciona, é um desperdício.",Negativo
"A estrutura da estação é antiga e precária, não inspira confiança.",Negativo
"As câmeras de segurança são de péssima qualidade, não ajudam.",Negativo
"O sistema de monitoramento de plataformas é ineficaz, não vejo segurança.",Negativo
"A equipe de atendimento da estação é rude e não resolve nada.",Negativo
"A escada rolante está sempre parada, um problema constante.",Negativo
"O painel de informações na plataforma está apagado, não vejo nada.",Negativo
"A área de embarque é desorganizada, sempre com empurra-empurra.",Negativo
"O sistema de pagamento por aproximação é falho, não funciona.",Negativo
"A qualidade do ar na plataforma é péssima, com cheiro forte.",Negativo
"As informações sobre paradas são imprecisas, já errei várias vezes.",Negativo
"O sistema de aviso de atraso é inútil, chega tarde demais.",Negativo
"A equipe de segurança é ineficaz, não me sinto protegido.",Negativo
"A funcionalidade de 'achados e perdidos' é um caos, nunca encontro nada.",Negativo
"O sistema de recarga de celulares está sempre quebrado, sem utilidade.",Negativo
"O trem é muito antigo, com barulhos e vibrações.",Negativo
"A equipe de manutenção é muito lenta, os problemas demoram a ser resolvidos.",Negativo
"A estação está abandonada, cheia de lixo e sujeira.",Negativo
"O sistema de ar condicionado do trem está quebrado, é um forno.",Negativo
"O site é confuso, com informações desorganizadas.",Negativo
"O sistema de feedback é complicado, desisti de enviar.",Negativo
"A limpeza dos banheiros da estação é horrível, sempre sujos.",Negativo
"A pontualidade dos trens é uma piada, sempre atrasam.",Negativo
"A segurança nos trens é zero, presenciei vários incidentes.",Negativo
"A acessibilidade nos trens é precária, é um desrespeito.",Negativo
"O sistema de avisos de emergência é ineficaz, não entendi nada.",Negativo
"A iluminação dos trens é muito fraca, mal consigo ver.",Negativo
"A qualidade do assento do trem é horrível, sinto dor nas costas.",Negativo
"O Wi-Fi no trem é muito lento, não consigo usar.",Negativo
"A plataforma é sempre suja e desorganizada, um terror.",Negativo
"O sistema de som da estação é horrível, com muito ruído.",Negativo
"A equipe de atendimento do trem é rude, sem educação.",Negativo
"A escada rolante do trem está quebrada, um transtorno.",Negativo
"O painel de informações dentro do trem está errado, me confundi.",Negativo
"A área de embarque no trem é um caos, com muita confusão.",Negativo
"O sistema de pagamento por QR code não funciona, é um problema.",Negativo
"A qualidade do ar no trem é péssima, abafado e com cheiro ruim.",Negativo
"As informações de itinerário estão sempre erradas, me perdi várias vezes.",Negativo
"O sistema de avisos de porta fechando falhou, quase me machuquei.",Negativo
"A equipe de segurança no trem é desatenta, não fazem nada.",Negativo
"A funcionalidade de 'rotas mais rápidas' é inútil, não ajuda em nada.",Negativo
"A área de carregamento de baterias está sempre quebrada.",Negativo
"O trem é barulhento e desconfortável, não consigo ter paz.",Negativo
"A equipe de limpeza do trem é negligente, os vagões estão imundos.",Negativo
"A sinalização dentro do trem é confusa, me perdi.",Negativo
"A ventilação no trem é fraca, sinto muito calor.",Negativo
"A cobertura do celular no trem é péssima, não consigo usar.",Negativo
"O aplicativo tem 'notificações personalizadas' que não funcionam.",Negativo
"As informações sobre a próxima estação estão erradas, já desci errado.",Negativo
"O sistema de aviso de emergência é lento, sinto-me inseguro.",Negativo
"A acessibilidade para deficientes visuais no trem é um desrespeito.",Negativo
"O sistema de controle de acesso no trem é lento e forma filas.",Negativo
"A qualidade do piso do trem é ruim, escorregadio.",Negativo
"A área de descanso no trem é barulhenta, não consigo relaxar.",Negativo
"O sistema de avisos de interrupção é confuso, não entendo.",Negativo
"A arquitetura interna do trem é feia e antiga, parece abandonada.",Negativo
"O sistema de coleta de lixo no trem é ineficaz.",Negativo
"A equipe de apoio aos passageiros no trem é indiferente.",Negativo
"A limpeza das janelas do trem é péssima, mal consigo ver.",Negativo
"O sistema de segurança das portas do trem é falho.",Negativo
"A qualidade do áudio dos alto-falantes é horrível.",Negativo
"O sistema de indicação de destino está errado.",Negativo
"O sistema de monitoramento de incidentes é ineficaz.",Negativo
"A área de informações no trem é confusa.",Negativo
"O sistema de controle de temperatura no trem está quebrado.",Negativo
"A nova campanha de uso de máscaras é chata.",Negativo
"O sistema de empréstimo de livros no trem é inútil.",Negativo
"A qualidade da água nos bebedouros do trem é ruim.",Negativo
"O painel de feedback no trem não funciona.",Negativo
"A qualidade do suporte técnico é excelente, resolveram tudo rápido.",Positivo
"Essa nova funcionalidade salvou meu dia, muito prática!",Positivo
"A interface ficou super intuitiva e fácil de usar, parabéns!",Positivo
"Os relatórios agora são completos e muito bem organizados.",Positivo
"O aplicativo está leve e funciona perfeitamente no meu celular.",Positivo
"A navegação é fluida, sem travamentos, uma experiência ótima.",Positivo
"O menu principal é claro e me ajuda a encontrar tudo rapidamente.",Positivo
"A busca agora é super eficiente, encontro tudo que preciso.",Positivo
"Os alertas de manutenção chegam na hora certa, consigo me planejar.",Positivo
"A plataforma é bem organizada, com informações essenciais visíveis.",Positivo
"O tempo de carregamento é mínimo, o sistema é muito ágil.",Positivo
"Os dados são consistentes, posso confiar nas informações.",Positivo
"A exportação de dados é perfeita, sem erros ou corrupção.",Positivo
"A segurança do sistema é impecável, me sinto totalmente seguro.",Positivo
"As mensagens de erro são claras e me ajudam a resolver o problema.",Positivo
"O suporte é rápido e eficiente, resolvem tudo na primeira tentativa.",Positivo
"As cores da interface são agradáveis e facilitam a leitura.",Positivo
"A acessibilidade é ótima, o aplicativo é inclusivo para todos.",Positivo
"A documentação é clara e com exemplos, muito útil.",Positivo
"O sistema é estável, sem falhas ou bugs, funciona muito bem.",Positivo
"Os avisos sonoros na estação são claros e no volume certo.",Positivo
"O banheiro da estação está sempre limpo e cheiroso, um alívio.",Positivo
"As escadas rolantes estão sempre funcionando, sem interrupções.",Positivo
"A iluminação das plataformas é perfeita, clara e segura.",Positivo
"O Wi-Fi da estação é rápido e gratuito, um grande benefício.",Positivo
"Os assentos da estação são confortáveis e bem conservados.",Positivo
"A equipe de segurança é atenta e proativa, me sinto protegido.",Positivo
"A linha de trem está sempre no horário, excelente pontualidade.",Positivo
"A limpeza dos vagões é impecável, viajar é um prazer.",Positivo
"A sinalização das linhas é clara e fácil de entender.",Positivo
"O ar condicionado do trem funciona perfeitamente, ambiente fresco.",Positivo
"A internet móvel na estação é ótima, consigo trabalhar sem problemas.",Positivo
"A área de desembarque é bem iluminada e segura, sem riscos.",Positivo
"As opções de rotas alternativas são úteis e eficazes.",Positivo
"O sistema de reconhecimento facial para acesso é ágil e preciso.",Positivo
"Os bebedouros da plataforma estão limpos e funcionando.",Positivo
"A campanha de conscientização é muito eficaz, as pessoas aderem.",Positivo
"O sistema de empréstimo de bicicletas funciona perfeitamente.",Positivo
"A área de informação turística é útil, com atendentes prestativos.",Positivo
"O trem é silencioso e confortável, uma viagem relaxante.",Positivo
"A equipe de segurança é educada e prestativa, me ajudam sempre.",Positivo
"O sistema de som do trem é claro, consigo entender os avisos.",Positivo
"A disposição dos assentos no trem é confortável e espaçosa.",Positivo
"A área de espera do trem é limpa e agradável, um bom lugar.",Positivo
"O aplicativo é intuitivo e fácil de usar, sem complicações.",Positivo
"As informações sobre eventos na estação são bem divulgadas.",Positivo
"O sistema de emergência de incêndio é bem sinalizado e eficaz.",Positivo
"O transporte de animais de estimação é facilitado, um bônus.",Positivo
"Os assentos da estação são confortáveis e bem cuidados.",Positivo
"A iluminação dos trens é perfeita, clara e agradável.",Positivo
"A equipe de limpeza dos trens é muito eficiente, mantendo tudo limpo.",Positivo
"A função de 'reclamar rapidamente' é eficaz, minha voz é ouvida.",Positivo
"A estrutura da estação é moderna e bem conservada.",Positivo
"As câmeras de segurança são de alta qualidade e modernas.",Positivo
"O sistema de monitoramento de plataformas é eficiente e seguro.",Positivo
"A equipe de atendimento da estação é educada e atenciosa.",Positivo
"A escada rolante está sempre funcionando, sem problemas.",Positivo
"O painel de informações na plataforma é muito claro e legível.",Positivo
"A área de embarque é bem organizada e eficiente.",Positivo
"O sistema de pagamento por aproximação é rápido e prático.",Positivo
"A qualidade do ar na plataforma é boa e fresca.",Positivo
"As informações sobre paradas são muito precisas.",Positivo
"O sistema de aviso de atraso é eficaz, me ajuda a me programar.",Positivo
"A equipe de segurança é muito eficiente e age rápido.",Positivo
"A funcionalidade de 'achados e perdidos' é muito eficaz.",Positivo
"O sistema de recarga de celulares na estação funciona perfeitamente.",Positivo
"O trem é confortável, a viagem é agradável.",Positivo
"A equipe de manutenção é muito competente.",Positivo
"A estação é muito bem cuidada e limpa.",Positivo
"O sistema de ar condicionado do trem é ótimo.",Positivo
"O site é muito fácil de usar.",Positivo
"O sistema de feedback é eficiente.",Positivo
"A limpeza dos banheiros da estação é ótima.",Positivo
"A pontualidade dos trens é excelente.",Positivo
"A segurança nos trens é muito boa.",Positivo
"A acessibilidade nos trens é excelente.",Positivo
"O sistema de avisos de emergência é imediato.",Positivo
"A iluminação dos trens é muito boa.",Positivo
"A qualidade do assento do trem é confortável.",Positivo
"O Wi-Fi no trem é excelente.",Positivo
"A plataforma é sempre limpa.",Positivo
"O sistema de som da estação é ótimo.",Positivo
"A equipe de atendimento do trem é gentil.",Positivo
"A escada rolante do trem funciona perfeitamente.",Positivo
"O painel de informações dentro do trem é preciso.",Positivo
"A área de embarque no trem é organizada.",Positivo
"O sistema de pagamento por QR code é prático.",Positivo
"A qualidade do ar no trem é boa.",Positivo
"As informações de itinerário são precisas.",Positivo
"O sistema de avisos de porta fechando é confiável.",Positivo
"A equipe de segurança no trem é atenta.",Positivo
"A funcionalidade de 'rotas mais rápidas' é útil.",Positivo
"A área de carregamento de baterias é útil.",Positivo
"O trem é silencioso e relaxante.",Positivo
"A equipe de limpeza do trem é eficiente.",Positivo
"A sinalização dentro do trem é clara.",Positivo
"A ventilação no trem é eficaz.",Positivo
"A cobertura do celular no trem é ótima.",Positivo
"O aplicativo tem 'notificações personalizadas'.",Positivo
"As informações sobre a próxima estação são exatas.",Positivo
"O sistema de aviso de emergência é rápido.",Positivo
"A acessibilidade para deficientes visuais no trem é boa.",Positivo
"O sistema de controle de acesso no trem é eficiente.",Positivo
"A qualidade do piso do trem é boa.",Positivo
"A área de descanso no trem é confortável.",Positivo
"O sistema de avisos de interrupção é comunicado.",Positivo
"A arquitetura interna do trem é moderna.",Positivo
"O sistema de coleta de lixo no trem é eficiente.",Positivo
"A equipe de apoio aos passageiros no trem é solícita.",Positivo
"A limpeza das janelas do trem é impecável.",Positivo
"O sistema de segurança das portas do trem é eficaz.",Positivo
"A qualidade do áudio dos alto-falantes é ótima.",Positivo
"O sistema de indicação de destino funciona bem.",Positivo
"O sistema de monitoramento de incidentes é eficaz.",Positivo
"A área de informações no trem é clara.",Positivo
"O sistema de controle de temperatura no trem é eficiente.",Positivo
"A nova campanha de uso de máscaras é instrutiva.",Positivo
"O sistema de empréstimo de livros no trem é inovador.",Positivo
"A qualidade da água nos bebedouros do trem é boa.",Positivo
"O painel de feedback no trem é rápido.",Positivo
"Este sistema é uma maravilha, funciona sem falhas e é muito rápido!",Positivo
"As informações estão sempre atualizadas e são fáceis de encontrar, excelente!",Positivo
"A nova função de agendamento online economiza muito meu tempo, adorei!",Positivo
"O suporte técnico é exemplar, resolveram meu problema em menos de 5 minutos.",Positivo
"O layout é intuitivo e as cores são agradáveis, tornando a experiência de uso fantástica.",Positivo
"A estabilidade do servidor é impressionante, nunca mais tive problemas de conexão.",Positivo
"Consegui exportar o relatório em tempo recorde, a performance é inacreditável.",Positivo
"As notificações são precisas e relevantes, me mantendo sempre informado no momento certo.",Positivo
"A integração com outros sistemas é perfeita, tudo flui sem interrupções.",Positivo
"O campo de busca é inteligente e sempre me traz os resultados que preciso de primeira.",Positivo
"A limpeza da estação está impecável, um ambiente muito agradável e seguro.",Positivo
"Os trens são super pontuais, consigo me organizar e nunca chego atrasado.",Positivo
"A acessibilidade nas plataformas é de primeira, muito bem pensada para todos.",Positivo
"As informações nos painéis digitais são claras e fáceis de entender, ótimo!",Positivo
"A equipe de atendimento da estação é muito atenciosa e prestativa, sempre ajudando.",Positivo
"O Wi-Fi na estação é rápido e gratuito, consigo trabalhar enquanto espero.",Positivo
"A segurança nos vagões é visível e me sinto tranquilo durante toda a viagem.",Positivo
"A ventilação dentro do trem é perfeita, sempre fresco e sem cheiros.",Positivo
"Os assentos são confortáveis e a viagem é relaxante, um verdadeiro oásis.",Positivo
"A sinalização de emergência é bem clara e fácil de identificar, o que traz mais segurança.",Positivo
"O sistema está travando a todo momento, não consigo nem abrir uma página!",Negativo
"As informações estão completamente desorganizadas, perco horas tentando achar algo.",Negativo
"A nova função que implementaram é um desastre, só atrapalha meu trabalho.",Negativo
"O suporte técnico é horrível, demoram para responder e não resolvem nada.",Negativo
"O layout é confuso, cores berrantes e difícil de navegar, é um pesadelo visual.",Negativo
"A conexão com o servidor cai o tempo todo, impossível trabalhar com essa instabilidade.",Negativo
"A exportação de relatórios nunca funciona, os arquivos vêm corrompidos.",Negativo
"Recebo notificações irrelevantes a cada minuto, isso me distrai e irrita muito.",Negativo
"A integração com outros sistemas é um caos, vive dando erro e incompatibilidade.",Negativo
"O campo de busca é inútil, nunca me traz o que preciso, só resultados genéricos.",Negativo
"A estação está imunda, com lixo por toda parte e um cheiro insuportável.",Negativo
"Os trens estão sempre atrasados, estou perdendo compromissos importantes por causa disso.",Negativo
"A acessibilidade nas plataformas é péssima, um descaso total com quem precisa.",Negativo
"As informações nos painéis digitais estão apagadas ou desatualizadas, não servem para nada.",Negativo
"A equipe de atendimento da estação é rude e mal-educada, não me ajudaram em nada.",Negativo
"O Wi-Fi na estação é lento e vive caindo, uma porcaria!",Negativo
"A segurança nos vagões é inexistente, já fui assaltado e ninguém fez nada.",Negativo
"A ventilação dentro do trem é péssima, é um forno e o cheiro é horrível.",Negativo
"Os assentos são desconfortáveis e sujos, uma viagem infernal.",Negativo
"A sinalização de emergência é confusa e mal localizada, um perigo!",Negativo
"O sistema é uma bagunça, perco tempo tentando entender como funciona.",Negativo
"Que lentidão insuportável, cada clique é uma eternidade!",Negativo
"As informações estão espalhadas por vários lugares, uma zona total.",Negativo
"A funcionalidade que mais uso parou de funcionar depois da atualização.",Negativo
"O suporte é péssimo, me deixam esperando por horas sem solução.",Negativo
"A interface é poluída, cheia de botões e textos desnecessários.",Negativo
"O login está dando erro direto, não consigo acessar minha conta.",Negativo
"Meus dados sumiram, o relatório não mostra as últimas informações.",Negativo
"O aplicativo está gastando muita bateria do meu celular, é um problema.",Negativo
"A navegação é travada e a resposta do sistema é demorada.",Negativo
"O menu é confuso, não encontro as opções que preciso.",Negativo
"A busca não funciona, parece que não indexa nada.",Negativo
"As notificações estão desativadas, não recebo nenhum aviso.",Negativo
"A plataforma é lenta e o sistema não responde, que raiva!",Negativo
"A falta de atenção com os detalhes é visível, tudo parece mal feito.",Negativo
"O sistema me irrita profundamente, estou perdendo a paciência.",Negativo
"É um absurdo a quantidade de erros que esse sistema apresenta.",Negativo
"Não confio mais nesse sistema, os dados estão sempre errados.",Negativo
"A atualização trouxe mais problemas do que soluções.",Negativo
"A falta de limpeza nas estações é vergonhosa, um descaso.",Negativo
"O transporte público está um caos, atrasos e lotação.",Negativo
"A falta de segurança é alarmante, presenciei vários incidentes.",Negativo
"As informações nos painéis são ilegíveis, com falhas ou apagadas.",Negativo
"O atendimento da estação é grosseiro, não me sinto acolhido.",Negativo
"O Wi-Fi da estação não funciona, é uma propaganda enganosa.",Negativo
"A segurança nos trens é insuficiente, me sinto exposto.",Negativo
"A ventilação do trem é péssima, é um sufoco.",Negativo
"Os assentos do trem estão rasgados e sujos, é nojento.",Negativo
"A sinalização é confusa, me perco toda hora.",Negativo
"O sistema de avisos é inútil, chegam atrasados.",Negativo
"O suporte é inexistente, não há quem me ajude.",Negativo
"É impossível trabalhar com essa instabilidade.",Negativo
"A linha está sempre com problemas, um desastre.",Negativo
"Os gráficos não fazem sentido, não consigo interpretá-los.",Negativo
"O site é lento e vive travando, que porcaria!",Negativo
"O aplicativo não tem acessibilidade, é um problema.",Negativo
"A equipe de limpeza é inexistente, tudo sujo.",Negativo
"A equipe de segurança é passiva, não faz nada.",Negativo
"As informações de tráfego são imprecisas.",Negativo
"O menu de navegação é um labirinto sem fim.",Negativo
"Os formulários são complicados de preencher.",Negativo
"A função de agendamento não funciona.",Negativo
"As notificações são excessivas e irrelevantes.",Negativo
"O painel de controle é muito complexo.",Negativo
"O tempo de espera para o atendimento é absurdo.",Negativo
"A conexão com o servidor é instável.",Negativo
"O histórico de atividades sumiu.",Negativo
"A ferramenta de pesquisa é ineficiente.",Negativo
"O design não é responsivo, horrível no celular.",Negativo
"As estatísticas estão com valores errados.",Negativo
"O processo de checkout é demorado.",Negativo
"A barra de progresso não funciona.",Negativo
"A tradução do sistema está cheia de erros.",Negativo
"O sistema não salva minhas preferências.",Negativo
"O pop-up de anúncios é muito invasivo.",Negativo
"As dicas de uso são confusas.",Negativo
"O limite de upload de arquivos é pequeno.",Negativo
"A integração com outros apps falha.",Negativo
"As fontes são ilegíveis em algumas telas.",Negativo
"O sistema de senhas é muito frágil.",Negativo
"O mapa não carrega corretamente.",Negativo
"A ferramenta de relatório é muito limitada.",Negativo
"O sistema não reconhece meu dispositivo.",Negativo
"A função de imprimir não funciona.",Negativo
"Os ícones são ambíguos.",Negativo
"O sistema está sempre em manutenção.",Negativo
"A bateria do meu dispositivo drena rápido.",Negativo
"As atualizações são forçadas e sem aviso.",Negativo
"A área de ajuda é inútil.",Negativo
"Os avisos são atrasados.",Negativo
"O sistema de pagamento é inseguro.",Negativo
"A interface é antiquada.",Negativo
"Os relatórios são muito básicos.",Negativo
"A comunicação é péssima.",Negativo
"A acessibilidade é um desastre.",Negativo
"A velocidade de digitação é lenta.",Negativo
"O sistema gera muitos erros.",Negativo
"A ferramenta de backup não funciona.",Negativo
"O uso é contra-intuitivo.",Negativo
"A curva de aprendizado é muito alta.",Negativo
"O desempenho é terrível.",Negativo
"As informações são desorganizadas.",Negativo
"O sistema é instável.",Negativo
"A qualidade da imagem é ruim.",Negativo
"A interface é pouco amigável.",Negativo
"A personalização é limitada.",Negativo
"O sistema de alertas é ineficaz.",Negativo
"Os gráficos são confusos.",Negativo
"A exportação de dados é falha.",Negativo
"A segurança é comprometida.",Negativo
"As mensagens de erro são inúteis.",Negativo
"O suporte é lento.",Negativo
"As cores são ruins.",Negativo
"A documentação é pobre.",Negativo
"O sistema trava.",Negativo
"Os avisos sonoros são ruins.",Negativo
"O banheiro da estação é sujo.",Negativo
"As escadas rolantes estão quebradas.",Negativo
"A iluminação é insuficiente.",Negativo
"O Wi-Fi não funciona.",Negativo
"Os assentos estão quebrados.",Negativo
"A segurança é despreparada.",Negativo
"A linha está atrasada.",Negativo
"A limpeza é precária.",Negativo
"A sinalização é confusa.",Negativo
"O ar condicionado está quebrado.",Negativo
"A internet é péssima.",Negativo
"A área de desembarque é escura.",Negativo
"As rotas alternativas são inúteis.",Negativo
"O reconhecimento facial falha.",Negativo
"Os bebedouros estão sujos.",Negativo
"A campanha é ineficaz.",Negativo
"O empréstimo de bicicletas não funciona.",Negativo
"A área de informação turística está vazia.",Negativo
"O trem é barulhento.",Negativo
"A equipe de segurança é rude.",Negativo
"O som do trem está distorcido.",Negativo
"Os assentos do trem são apertados.",Negativo
"A área de espera é suja.",Negativo
"As notificações são excessivas.",Negativo
"Os eventos não são divulgados.",Negativo
"O sistema de emergência é falho.",Negativo
"O transporte de animais é complicado.",Negativo
"Os assentos da estação são velhos.",Negativo
"A iluminação dos trens é fraca.",Negativo
"A equipe de limpeza é ineficiente.",Negativo
"A função de reclamar não funciona.",Negativo
"A estrutura da estação é precária.",Negativo
"As câmeras de segurança são ruins.",Negativo
"O monitoramento de plataformas é falho.",Negativo
"A equipe de atendimento é mal-educada.",Negativo
"A escada rolante está parada.",Negativo
"O painel de informações está com defeito.",Negativo
"A área de embarque é desorganizada.",Negativo
"O pagamento por aproximação não funciona.",Negativo
"A qualidade do ar é ruim.",Negativo
"As informações de paradas são imprecisas.",Negativo
"O aviso de atraso é tardio.",Negativo
"A equipe de segurança é ineficaz.",Negativo
"O achados e perdidos é uma bagunça.",Negativo
"A recarga de celulares está quebrada.",Negativo
"O trem é antigo.",Negativo
"A manutenção é lenta.",Negativo
"A estação está abandonada.",Negativo
"O ar condicionado do trem está quebrado.",Negativo
"O site é confuso.",Negativo
"O feedback é complicado.",Negativo
"A limpeza dos banheiros é péssima.",Negativo
"A pontualidade é uma piada.",Negativo
"A segurança é inexistente.",Negativo
"A acessibilidade é um problema.",Negativo
"Os avisos de emergência são lentos.",Negativo
"A iluminação é ruim.",Negativo
"A qualidade do assento é horrível.",Negativo
"O Wi-Fi é péssimo.",Negativo
"A plataforma é suja.",Negativo
"O som da estação é horrível.",Negativo
"A equipe de atendimento é rude.",Negativo
"A escada rolante está quebrada.",Negativo
"O painel do trem está errado.",Negativo
"A área de embarque é um caos.",Negativo
"O pagamento por QR code não funciona.",Negativo
"A qualidade do ar é sufocante.",Negativo
"As informações de itinerário estão erradas.",Negativo
"O aviso de porta fechando falhou.",Negativo
"A equipe de segurança é desatenta.",Negativo
"As rotas mais rápidas são inúteis.",Negativo
"A recarga de baterias está quebrada.",Negativo
"O trem é barulhento.",Negativo
"A limpeza do trem é negligente.",Negativo
"A sinalização é confusa.",Negativo
"A ventilação é fraca.",Negativo
"A cobertura do celular é péssima.",Negativo
"As notificações não funcionam.",Negativo
"As informações da estação estão erradas.",Negativo
"O aviso de emergência é lento.",Negativo
"A acessibilidade é um desrespeito.",Negativo
"O controle de acesso é lento.",Negativo
"O piso é ruim.",Negativo
"A área de descanso é barulhenta.",Negativo
"Os avisos de interrupção são confusos.",Negativo
"A arquitetura é feia.",Negativo
"A coleta de lixo é ineficaz.",Negativo
"O apoio aos passageiros é indiferente.",Negativo
"A limpeza das janelas é péssima.",Negativo
"A segurança das portas é falha.",Negativo
"O áudio dos alto-falantes é horrível.",Negativo
"A indicação de destino está errada.",Negativo
"O monitoramento de incidentes é ineficaz.",Negativo
"As informações são confusas.",Negativo
"O controle de temperatura está quebrado.",Negativo
"A campanha de máscaras é chata.",Negativo
"O empréstimo de livros é inútil.",Negativo
"A água dos bebedouros é ruim.",Negativo
"O feedback não funciona.",Negativo
"A estação está muito agradável e organizada, excelente trabalho de toda a equipe!",Positivo
"O sistema de alerta de segurança é instantâneo e me deixou mais tranquilo.",Positivo
"A nova funcionalidade de pré-agendamento de viagens é um diferencial, muito útil.",Positivo
"O suporte via chat é super rápido e eficiente, resolveram meu problema em segundos.",Positivo
"O layout é intuitivo e visualmente agradável, facilitando a navegação.",Positivo
"A conexão do sistema é super estável, sem quedas ou travamentos.",Positivo
"Consegui acessar meus relatórios em tempo real, a agilidade é fantástica.",Positivo
"As notificações são personalizadas e me avisam apenas o que realmente importa.",Positivo
"A integração com os sistemas de transporte é fluida, tornando tudo mais fácil.",Positivo
"O campo de busca é inteligente e sempre me dá as melhores opções de rota.",Positivo
"A limpeza dos vagões é impecável, um ambiente super agradável para viajar.",Positivo
"Os trens são incrivelmente pontuais, consigo confiar e planejar meu dia.",Positivo
"A acessibilidade nas plataformas é de primeira, pensando em todos os usuários.",Positivo
"As informações nos painéis digitais são claras e atualizadas, me ajudando a decidir.",Positivo
"A equipe de atendimento da estação é muito educada e sempre disposta a ajudar.",Positivo
"O Wi-Fi na estação é super rápido e gratuito, consigo assistir vídeos sem interrupções.",Positivo
"A segurança nos vagões é exemplar, com a presença de agentes e câmeras.",Positivo
"A ventilação dentro do trem é perfeita, sempre com ar fresco e sem abafamento.",Positivo
"Os assentos são ergonômicos e muito confortáveis, a viagem é um prazer.",Positivo
"A sinalização de emergência é bem visível e clara, o que aumenta a segurança.",Positivo
"O sistema é uma maravilha, consigo fazer tudo o que preciso de forma eficiente.",Positivo
"A velocidade do sistema é impressionante, tudo carrega em um piscar de olhos.",Positivo
"As informações são organizadas de forma lógica e muito fácil de encontrar.",Positivo
"A funcionalidade de 'histórico' me permite rastrear tudo, muito útil.",Positivo
"O suporte por telefone é atencioso e resolveu meu problema de imediato.",Positivo
"A interface é elegante e minimalista, sem poluição visual.",Positivo
"O login biométrico é rápido e seguro, adorei essa opção.",Positivo
"Os relatórios agora são completos e precisos, posso confiar nos dados.",Positivo
"O aplicativo é otimizado e não consome quase nada da minha bateria.",Positivo
"A navegação é tão fluida que parece que estou voando.",Positivo
"O menu principal é intuitivo e me leva diretamente ao que preciso.",Positivo
"A busca por voz funciona perfeitamente, agiliza muito o processo.",Positivo
"Os alertas de manutenção são pontuais e me permitem ajustar meus planos.",Positivo
"A plataforma de informações é super organizada e completa.",Positivo
"O tempo de resposta do sistema é excelente, não há delays.",Positivo
"Os gráficos são didáticos e me ajudam a entender os dados rapidamente.",Positivo
"A funcionalidade de exportar dados é robusta e sem erros.",Positivo
"A segurança do sistema é de ponta, me sinto totalmente protegido.",Positivo
"As mensagens de erro são claras e me direcionam para a solução.",Positivo
"O suporte por e-mail é rápido e detalhado, sempre me ajudam.",Positivo
"As cores da interface são agradáveis e não cansam a vista.",Positivo
"A acessibilidade do aplicativo é perfeita, pensando em todos.",Positivo
"A documentação é completa e fácil de entender, um guia excelente.",Positivo
"O sistema é extremamente estável, sem falhas ou bugs.",Positivo
"Os avisos sonoros na estação são claros e no volume ideal.",Positivo
"O banheiro da estação está sempre limpo e higienizado.",Positivo
"As escadas rolantes da estação funcionam sem parar, um luxo.",Positivo
"A iluminação das plataformas é forte e clara, me sinto seguro.",Positivo
"O Wi-Fi da estação é um diferencial, conexão super rápida.",Positivo
"Os assentos da estação são modernos e muito confortáveis.",Positivo
"A equipe de segurança é super treinada e me transmite muita confiança.",Positivo
"A linha de trem está sempre no horário, um verdadeiro relógio.",Positivo
"A limpeza dos vagões é impecável, um ambiente convidativo.",Positivo
"A sinalização das linhas é clara e intuitiva, sem chance de erro.",Positivo
"O ar condicionado do trem funciona perfeitamente, um conforto.",Positivo
"A internet móvel na estação é de alta velocidade, consigo tudo.",Positivo
"A área de desembarque é bem iluminada e segura para todos.",Positivo
"As opções de rotas alternativas são super eficientes e me ajudam.",Positivo
"O sistema de reconhecimento facial para acesso é rapidíssimo.",Positivo
"Os bebedouros da plataforma estão sempre limpos e funcionando.",Positivo
"A campanha de conscientização é inspiradora e eficaz.",Positivo
"O sistema de empréstimo de bicicletas está sempre disponível.",Positivo
"A área de informação turística é super útil e bem equipada.",Positivo
"O trem é silencioso e a viagem é extremamente tranquila.",Positivo
"A equipe de segurança é atenciosa e proativa, um show.",Positivo
"O sistema de som do trem é nítido e de excelente qualidade.",Positivo
"A disposição dos assentos no trem é muito espaçosa e confortável.",Positivo
"A área de espera do trem é limpa, confortável e silenciosa.",Positivo
"O aplicativo não trava, funciona perfeitamente no meu celular.",Positivo
"As informações sobre eventos na estação são bem divulgadas.",Positivo
"O sistema de emergência de incêndio é super eficaz.",Positivo
"O transporte de animais de estimação é facilitado, ótimo para tutores.",Positivo
"Os assentos da estação são bem cuidados e duráveis.",Positivo
"A iluminação dos trens é ideal para leitura ou descanso.",Positivo
"A equipe de limpeza dos trens é super dedicada e atenta.",Positivo
"A função de 'reportar rapidamente' é eficiente e simples.",Positivo
"A estrutura da estação é robusta e muito bem projetada.",Positivo
"As câmeras de segurança são modernas e com ótima imagem.",Positivo
"O sistema de monitoramento de plataformas é impecável.",Positivo
"A equipe de atendimento da estação é educada e muito solícita.",Positivo
"A escada rolante está sempre funcionando, sem problemas.",Positivo
"O painel de informações na plataforma é muito claro.",Positivo
"A área de embarque é bem organizada e eficiente.",Positivo
"O sistema de pagamento por aproximação é rápido e prático.",Positivo
"A qualidade do ar na plataforma é ótima, arejada.",Positivo
"As informações sobre paradas são muito precisas.",Positivo
"O sistema de aviso de atraso é proativo e me ajuda.",Positivo
"A equipe de segurança é muito bem treinada.",Positivo
"A funcionalidade de 'achados e perdidos' é muito eficaz.",Positivo
"O sistema de recarga de celulares na estação funciona perfeitamente.",Positivo
"O trem é super confortável, a viagem é excelente.",Positivo
"A equipe de manutenção é super competente.",Positivo
"A estação é muito bem cuidada.",Positivo
"O sistema de ar condicionado do trem é perfeito.",Positivo
"O site é muito fácil de usar.",Positivo
"O sistema de feedback é eficiente.",Positivo
"A limpeza dos banheiros da estação é excelente.",Positivo
"A pontualidade dos trens é impecável.",Positivo
"A segurança nos trens é visível.",Positivo
"A acessibilidade nos trens é perfeita.",Positivo
"O sistema de avisos de emergência é imediato.",Positivo
"A iluminação dos trens é ideal.",Positivo
"A qualidade do assento do trem é muito boa.",Positivo
"O Wi-Fi no trem é excelente.",Positivo
"A plataforma é sempre limpa.",Positivo
"O sistema de som da estação é impecável.",Positivo
"A equipe de atendimento do trem é gentil.",Positivo
"A escada rolante do trem funciona perfeitamente.",Positivo
"O painel de informações dentro do trem é preciso.",Positivo
"A área de embarque no trem é organizada.",Positivo
"O sistema de pagamento por QR code é prático.",Positivo
"A qualidade do ar no trem é boa.",Positivo
"As informações de itinerário são precisas.",Positivo
"O sistema de avisos de porta fechando é confiável.",Positivo
"A equipe de segurança no trem é atenta.",Positivo
"A funcionalidade de 'rotas mais rápidas' é útil.",Positivo
"A área de carregamento de baterias é útil.",Positivo
"O trem é silencioso e relaxante.",Positivo
"A equipe de limpeza do trem é eficiente.",Positivo
"A sinalização dentro do trem é clara.",Positivo
"A ventilação no trem é eficaz.",Positivo
"A cobertura do celular no trem é ótima.",Positivo
"O aplicativo tem 'notificações personalizadas'.",Positivo
"As informações sobre a próxima estação são exatas.",Positivo
"O sistema de aviso de emergência é rápido.",Positivo
"A acessibilidade para deficientes visuais no trem é ótima.",Positivo
"O sistema de controle de acesso no trem é eficiente.",Positivo
"A qualidade do piso do trem é boa.",Positivo
"A área de descanso no trem é confortável.",Positivo
"O sistema de avisos de interrupção é comunicado.",Positivo
"A arquitetura interna do trem é moderna.",Positivo
"O sistema de coleta de lixo no trem é eficiente.",Positivo
"A equipe de apoio aos passageiros no trem é solícita.",Positivo
"A limpeza das janelas do trem é impecável.",Positivo
"O sistema de segurança das portas do trem é eficaz.",Positivo
"A qualidade do áudio dos alto-falantes é ótima.",Positivo
"O sistema de indicação de destino funciona bem.",Positivo
"O sistema de monitoramento de incidentes é eficaz.",Positivo
"A área de informações no trem é clara.",Positivo
"O sistema de controle de temperatura no trem é eficiente.",Positivo
"A nova campanha de uso de máscaras é instrutiva.",Positivo
"O sistema de empréstimo de livros no trem é inovador.",Positivo
"A qualidade da água nos bebedouros do trem é boa.",Positivo
"O painel de feedback no trem é rápido.",Positivo